Posting Date,Transaction Date,Description,State,Amount,Store
12/23,12/24,HAAGEN-DAZS 508 ARLINGTON,VA,9.61,HAAGEN-DAZS 508 ARLINGTON
12/23,12/24,MACY S PENTAGON CITY ARLINGTON,VA,89.04,MACY S PENTAGON CITY ARLINGTON
12/23,12/24,HARRIS TEETER #0083 ARLINGTON,VA,3.32,HARRIS TEETER #0083 ARLINGTON
12/23,12/24,T.J. MAXX #1459 ARLINGTON,VA,38.14,T.J. MAXX #1459 ARLINGTON
12/24,12/26,FOREVER21 1793 ARLINGTON,VA,12.17,FOREVER21 1793 ARLINGTON
12/24,12/26,CHIPOTLE ONLINE CHIPOTLE.COM,CA,10.95,CHIPOTLE ONLINE CHIPOTLE.COM
12/25,12/25,12/26 DD *DOORDASH SWEETFROG WWW.DOORDASH.CA 6069 0387,,13.49,1226 DD *DOORDASH SWEETFROG WWW.DOORDASH.CA 6069 0387
12/25,12/25,12/26 EMPOWER* VINCENT N BUR DRIVEEMPOWER.VA 2815 0387,,15.59,1226 EMPOWER* VINCENT N BUR DRIVEEMPOWER.VA 2815 0387
12/24,12/27,FMB LAUNDRY MOBILE PASADENA,MD,10.0,FMB LAUNDRY MOBILE PASADENA
12/27,12/27,12/28 EMPOWER* JIDE OGUNTUAS DRIVEEMPOWER.VA 1429 0387,,2.0,1228 EMPOWER* JIDE OGUNTUAS DRIVEEMPOWER.VA 1429 0387
12/27,12/28,SQ *POMMES FRITES New York,NY,10.89,SQ *POMMES FRITES New York
12/27,12/28,JACK'S COFFEE NEW YORK,NY,3.27,JACK'S COFFEE NEW YORK
12/27,12/30,PRET A MANGER 1000118 NEWARK,DE,4.39,PRET A MANGER 1000118 NEWARK
12/27,12/30,AUNTIE ANNES 1000110 NEWARK,DE,10.58,AUNTIE ANNES 1000110 NEWARK
12/28,12/30,DOS CAMINOS MP NEW YORK,NY,96.43,DOS CAMINOS MP NEW YORK
12/28,12/30,SQ *SOUVENIRS GER.EMI CORManhattan,NY,16.34,SQ *SOUVENIRS GER.EMI CORManhattan
12/28,12/30,WAWA 8465 UNION,NJ,4.25,WAWA 8465 UNION
12/28,12/30,EATALY SOHO NEW YORK,NY,110.84,EATALY SOHO NEW YORK
12/29,12/30,OLIYO 34 NEW YORK,NY,7.33,OLIYO 34 NEW YORK
12/29,12/29,12/30 EMPOWER* MD ASHIQUR AK DRIVEEMPOWER.VA 8713 0387,,14.06,1230 EMPOWER* MD ASHIQUR AK DRIVEEMPOWER.VA 8713 0387
12/29,12/30,NJT BUS MY-TIX 973-378-6339,NJ,13.8,NJT BUS MY-TIX 973-378-6339
12/29,12/30,GIFTS & LUGGAGE NEW YORK,NY,10.89,GIFTS & LUGGAGE NEW YORK
12/29,12/30,AUNTIE ANNE'S #NY 155 NEW YORK,NY,8.7,AUNTIE ANNE'S #NY 155 NEW YORK
12/29,12/31,HY ATTRACTIONS MANAGER MANHATTAN,NY,65.34,HY ATTRACTIONS MANAGER MANHATTAN
12/29,12/31,TAMER HALAL FOOD 31 ST ASTORIA,NY,2.26,TAMER HALAL FOOD 31 ST ASTORIA
12/29,12/31,SBARRO 142 614-7699884,NY,3.9,SBARRO 142 614-7699884
12/29,12/31,SBARRO 142 614-7699884,NY,1.09,SBARRO 142 614-7699884
12/29,12/31,SBARRO 142 614-7699884,NY,6.52,SBARRO 142 614-7699884
12/30,12/31,TST* MAGNOLIA BAKERY - HUNEW YORK,NY,9.25,TST* MAGNOLIA BAKERY - HUNEW YORK
01/01,01/02,APPLE.COM/BILL 866-712-7753,CA,1.05,APPLE.COMBILL 866-712-7753
01/01,01/02,HARRIS TEETER #0083 ARLINGTON,VA,18.83,HARRIS TEETER #0083 ARLINGTON
01/02,01/03,TARGET 00034306 ARLINGTON,VA,2.51,TARGET 00034306 ARLINGTON
01/02,01/03,AUNTIE ANNES #VA127 ARLINGTON,VA,7.14,AUNTIE ANNES #VA127 ARLINGTON
01/03,01/04,IC* INSTACART 888-246-7822,CA,2.09,IC* INSTACART 888-246-7822
01/03,01/04,IC* INSTACART 888-246-7822,CA,51.73,IC* INSTACART 888-246-7822
01/03,01/04,COSTCO WHSE #0233 ARLINGTON,VA,34.56,COSTCO WHSE #0233 ARLINGTON
01/03,01/06,FIVE BELOW 8097 ARLINGTON,VA,8.48,FIVE BELOW 8097 ARLINGTON
01/05,01/05,01/06 EMPOWER* VICTOR LOPEZ DRIVEEMPOWER.VA 1757 0387,,11.67,0106 EMPOWER* VICTOR LOPEZ DRIVEEMPOWER.VA 1757 0387
01/06,01/06,AMERICAN AIR0012203345434FORT WORTH,TX,181.19,AMERICAN AIR0012203345434FORT WORTH
01/07,01/08,IC* INSTACART*1102 888-246-7822,CA,17.24,IC* INSTACART*1102 888-246-7822
01/08,01/08,01/08 Amazon.com*Z53HK84O2 Amzn.com/billWA 3426 0387,,8.36,0108 Amazon.com*Z53HK84O2 Amzn.combillWA 3426 0387
01/08,01/09,AMERICAN AIR0014451515377FORT WORTH,TX,35.0,AMERICAN AIR0014451515377FORT WORTH
01/08,01/09,AMERICAN AIR0014451515378FORT WORTH,TX,45.0,AMERICAN AIR0014451515378FORT WORTH
01/08,01/09,HARRIS TEETER #0083 ARLINGTON,VA,11.13,HARRIS TEETER #0083 ARLINGTON
01/08,01/10,MIMI S HANDMADE ICE CREAMARLINGTON,VA,8.25,MIMI S HANDMADE ICE CREAMARLINGTON
01/09,01/09,01/10 EMPOWER* MICHAEL ESEIG DRIVEEMPOWER.VA 4918 0387,,45.66,0110 EMPOWER* MICHAEL ESEIG DRIVEEMPOWER.VA 4918 0387
01/10,01/11,www.cvs.com 800-746-7287,RI,4.99,www.cvs.com 800-746-7287
01/11,01/11,01/11 UBER *EATS HELP.UBER.COMCA 7799 0387,,30.14,0111 UBER *EATS HELP.UBER.COMCA 7799 0387
01/11,01/11,"01/13 GITHUB, INC. HTTPSGITHUB.CCA 0294 0387",,5.0,"0113 GITHUB, INC. HTTPSGITHUB.CCA 0294 0387"
01/11,01/13,TARGET.COM 800-591-3869,MN,7.74,TARGET.COM 800-591-3869
01/11,01/13,CVS/PHARMACY #02750 ARLINGTON,VA,3.91,CVSPHARMACY #02750 ARLINGTON
01/12,01/12,01/13 AMAZON MKTPL*Z520Z4SA2 Amzn.com/billWA 1500 0387,,25.64,0113 AMAZON MKTPL*Z520Z4SA2 Amzn.combillWA 1500 0387
01/12,01/12,01/13 UBER *TRIP HELP.UBER.COMCA 7890 0387,,42.92,0113 UBER *TRIP HELP.UBER.COMCA 7890 0387
01/12,01/13,HARRIS TEETER #0083 ARLINGTON,VA,5.04,HARRIS TEETER #0083 ARLINGTON
01/14,01/14,01/15 UBER *EATS HELP.UBER.COMCA 5639 0387,,17.2,0115 UBER *EATS HELP.UBER.COMCA 5639 0387
01/14,01/15,COSTCO WHSE #0233 ARLINGTON,VA,18.72,COSTCO WHSE #0233 ARLINGTON
01/16,01/17,TM *AN EVENING WITH BI 800-653-8000,CA,51.55,TM *AN EVENING WITH BI 800-653-8000
01/18,01/18,01/20 UBER *EATS HELP.UBER.COMCA 8059 0387,,22.77,0120 UBER *EATS HELP.UBER.COMCA 8059 0387
01/19,01/20,IC* COSTCO BY IN CAR 888-246-7822,CA,50.53,IC* COSTCO BY IN CAR 888-246-7822
01/21,01/22,WHOLEFDS GWU 10414 WASHINGTON,DC,7.54,WHOLEFDS GWU 10414 WASHINGTON
01/22,01/22,01/22 UBER *EATS HELP.UBER.COMCA 3280 0387,,25.3,0122 UBER *EATS HELP.UBER.COMCA 3280 0387
01/21,01/23,FMB LAUNDRY MOBILE PASADENA,MD,10.0,FMB LAUNDRY MOBILE PASADENA
