Zipcode,Number Household,Number Household Income (15 to 24 years),Number Household Income (25 to 44 years),Number Household Income (45 to 64 years),Number Household Income (65 years and over),Number Families,Families With own children of householder under 18 years,Families With no own children of householder under 18 years,Number Families Married-couple families,Families Married-couple families With own children under 18 years,"Number Families Female householder, no spouse present","Families Female householder, no spouse present With own children under 18 years","Number Families Male householder, no spouse present","Families Male householder, no spouse present With own children under 18 years",Number 2-person families,Number 3-person families,Number 4-person families,Number 5-person families,Number 6-person families,Number 7-or-more person families,Number No earners,Number 1 earner,Number 2 earners,Number 3 or more earners,Nonfamily households,Nonfamily households Female householder,Nonfamily households Female householder Living alone,Nonfamily households Female householder Not living alone,Nonfamily households Male householder,Nonfamily households Male householder Living alone,Nonfamily households Male householder Not living alone,Estimate Percent Distribution HOUSEHOLD INCOME BY RACE AND HISPANIC OR LATINO ORIGIN OF HOUSEHOLDER Households One race-- White,Estimate Percent Distribution HOUSEHOLD INCOME BY RACE AND HISPANIC OR LATINO ORIGIN OF HOUSEHOLDER Households One race-- Black or African American,Estimate Percent Distribution HOUSEHOLD INCOME BY RACE AND HISPANIC OR LATINO ORIGIN OF HOUSEHOLDER Households One race-- American Indian and Alaska Native,Estimate Percent Distribution HOUSEHOLD INCOME BY RACE AND HISPANIC OR LATINO ORIGIN OF HOUSEHOLDER Households One race-- Asian,Estimate Percent Distribution HOUSEHOLD INCOME BY RACE AND HISPANIC OR LATINO ORIGIN OF HOUSEHOLDER Households One race-- Native Hawaiian and Other Pacific Islander,Estimate Percent Distribution HOUSEHOLD INCOME BY RACE AND HISPANIC OR LATINO ORIGIN OF HOUSEHOLDER Households One race-- Some other race,Estimate Percent Distribution HOUSEHOLD INCOME BY RACE AND HISPANIC OR LATINO ORIGIN OF HOUSEHOLDER Households Two or more races,Estimate Percent Distribution HOUSEHOLD INCOME BY RACE AND HISPANIC OR LATINO ORIGIN OF HOUSEHOLDER Households Hispanic or Latino origin (of any race),"Estimate Percent Distribution HOUSEHOLD INCOME BY RACE AND HISPANIC OR LATINO ORIGIN OF HOUSEHOLDER Households White alone, not Hispanic or Latino",Estimate Percent Distribution HOUSEHOLD INCOME BY AGE OF HOUSEHOLDER 15 to 24 years,Estimate Percent Distribution HOUSEHOLD INCOME BY AGE OF HOUSEHOLDER 25 to 44 years,Estimate Percent Distribution HOUSEHOLD INCOME BY AGE OF HOUSEHOLDER 45 to 64 years,Estimate Percent Distribution HOUSEHOLD INCOME BY AGE OF HOUSEHOLDER 65 years and over,Estimate Percent Distribution FAMILIES Families,Estimate Percent Distribution FAMILIES Families With own children of householder under 18 years,Estimate Percent Distribution FAMILIES Families With no own children of householder under 18 years,Estimate Percent Distribution FAMILIES Families Married-couple families,Estimate Percent Distribution FAMILIES Families Married-couple families With own children under 18 years,"Estimate Percent Distribution FAMILIES Families Female householder, no spouse present","Estimate Percent Distribution FAMILIES Families Female householder, no spouse present With own children under 18 years","Estimate Percent Distribution FAMILIES Families Male householder, no spouse present","Estimate Percent Distribution FAMILIES Families Male householder, no spouse present With own children under 18 years",Estimate Percent Distribution FAMILY INCOME BY FAMILY SIZE 2-person families,Estimate Percent Distribution FAMILY INCOME BY FAMILY SIZE 3-person families,Estimate Percent Distribution FAMILY INCOME BY FAMILY SIZE 4-person families,Estimate Percent Distribution FAMILY INCOME BY FAMILY SIZE 5-person families,Estimate Percent Distribution FAMILY INCOME BY FAMILY SIZE 6-person families,Estimate Percent Distribution FAMILY INCOME BY FAMILY SIZE 7-or-more person families,Estimate Percent Distribution FAMILY INCOME BY NUMBER OF EARNERS No earners,Estimate Percent Distribution FAMILY INCOME BY NUMBER OF EARNERS 1 earner,Estimate Percent Distribution FAMILY INCOME BY NUMBER OF EARNERS 2 earners,Estimate Percent Distribution FAMILY INCOME BY NUMBER OF EARNERS 3 or more earners,Estimate Percent Distribution NONFAMILY HOUSEHOLDS Nonfamily households,Estimate Percent Distribution NONFAMILY HOUSEHOLDS Nonfamily households Female householder,Estimate Percent Distribution NONFAMILY HOUSEHOLDS Nonfamily households Female householder Living alone,Estimate Percent Distribution NONFAMILY HOUSEHOLDS Nonfamily households Female householder Not living alone,Estimate Percent Distribution NONFAMILY HOUSEHOLDS Nonfamily households Male householder,Estimate Percent Distribution NONFAMILY HOUSEHOLDS Nonfamily households Male householder Living alone,Household Income,Household Income (15 to 24 years),Household Income (25 to 44 years),Household Income (45 to 64 years),Household Income (65 years and over),Families,Families  With own children of householder under 18 years,Families  With no own children of householder under 18 years,Income Families Married-couple families,Families  Married-couple families With own children under 18 years,"Income Families Female householder, no spouse present","Families  Female householder, no spouse present With own children under 18 years","Income Families Male householder, no spouse present","Families  Male householder, no spouse present With own children under 18 years",Income 2-person families,Income 3-person families,Income 4-person families,Income 5-person families,Income 6-person families,Income 7-or-more person families,Income No earners,Income 1 earner,Income 2 earners,Income 3 or more earners,Income Nonfamily households,Income Nonfamily households Female householder,Income Nonfamily households Female householder Living alone,Income Nonfamily households Female householder Not living alone,Income Nonfamily households Male householder,Income Nonfamily households Male householder Living alone,Income Nonfamily households Male householder Not living alone
20001,23831,1491,14460,5283,2597,6695,2126,4569,4860,1297,1562,730,273,99,4320,1646,493,236,0,0,586,1263,4438,408,17136,8238,5668,2570,8898,6187,2711,54.5,26.8,0.1,7.7,0.2,3.2,7.6,8.7,52.4,6.3,60.7,22.2,10.9,6695,31.8,68.2,72.6,19.4,23.3,10.9,4.1,1.5,64.5,24.6,7.4,3.5,0.0,0.0,8.8,18.9,66.3,6.1,17136,48.1,33.1,15.0,51.9,36.1,138730.0,51958.0,165707.0,134566.0,34535.0,202396.0,218006.0,192515.0,,,61389.0,34222.0,,38224.0,193140.0,210962.0,182355.0,,,,29310.0,92469.0,,168056.0,122932.0,114301.0,84141.0,174387.0,142566.0,100970.0,236932.0
20002,34558,2093,19912,8733,3820,13135,5384,7751,8820,3370,3726,1806,589,208,7465,2569,1899,888,260,54,1731,3225,7737,442,21423,12563,9080,3483,8860,5935,2925,48.1,37.8,0.5,3.9,0.0,1.8,7.9,7.3,45.8,6.1,57.6,25.3,11.1,13135,41.0,59.0,67.1,25.7,28.4,13.7,4.5,1.6,56.8,19.6,14.5,6.8,2.0,0.4,13.2,24.6,58.9,3.4,21423,58.6,42.4,16.3,41.4,27.7,114482.0,58582.0,135170.0,116275.0,70263.0,169815.0,167966.0,172306.0,233393.0,,52209.0,48048.0,121875.0,120489.0,158445.0,198393.0,241875.0,,130357.0,,14798.0,93914.0,236688.0,,100935.0,99722.0,78254.0,146086.0,105170.0,87671.0,169276.0
20003,18835,1030,11405,3964,2436,6805,2256,4549,5672,1613,947,574,186,69,4527,1345,649,228,21,35,530,1576,4513,186,12030,6088,4793,1295,5942,4346,1596,69.6,19.5,0.3,4.1,0.0,1.2,5.4,5.5,67.2,5.5,60.6,21.0,12.9,6805,33.2,66.8,83.4,23.7,13.9,8.4,2.7,1.0,66.5,19.8,9.5,3.4,0.3,0.5,7.8,23.2,66.3,2.7,12030,50.6,39.8,10.8,49.4,36.1,159604.0,98750.0,168725.0,176857.0,136625.0,233904.0,218315.0,238455.0,,,56030.0,49643.0,159914.0,117750.0,236188.0,196477.0,,,220521.0,,117619.0,155078.0,,221250.0,123262.0,115278.0,106949.0,174042.0,129461.0,109704.0,198958.0
20004,1251,16,646,351,238,300,34,266,290,34,10,0,0,0,240,60,0,0,0,0,28,123,136,13,951,310,297,13,641,472,169,81.4,11.4,0.0,3.6,0.0,1.0,2.6,12.9,72.0,1.3,51.6,28.1,19.0,300,11.3,88.7,96.7,11.3,3.3,0.0,0.0,0.0,80.0,20.0,0.0,0.0,0.0,0.0,9.3,41.0,45.3,4.3,951,32.6,31.2,1.4,67.4,49.6,161359.0,,133750.0,238417.0,,247143.0,,239833.0,,,,,,,237667.0,,,,,,,,,,149736.0,148750.0,148170.0,,154432.0,148438.0,
20005,8691,578,5316,1753,1044,1556,344,1212,1242,233,229,96,85,15,1216,87,149,6,77,21,85,384,1087,0,7135,3776,3257,519,3359,2523,836,61.8,11.9,3.2,7.7,0.0,4.8,10.5,17.4,57.3,6.7,61.2,20.2,12.0,1556,22.1,77.9,79.8,15.0,14.7,6.2,5.5,1.0,78.1,5.6,9.6,0.4,4.9,1.3,5.5,24.7,69.9,0.0,7135,52.9,45.6,7.3,47.1,35.4,111960.0,73611.0,143433.0,61314.0,64048.0,216875.0,,220781.0,,,56448.0,56468.0,,,217083.0,233854.0,,,,,,71765.0,,,105013.0,89765.0,77644.0,249148.0,119792.0,103922.0,208393.0
20006,762,169,487,84,22,53,10,43,31,10,0,0,22,0,43,4,6,0,0,0,16,23,14,0,709,334,288,46,375,248,127,40.4,8.5,2.0,37.3,0.0,0.0,11.8,16.0,36.7,22.2,63.9,11.0,2.9,53,18.9,81.1,58.5,18.9,0.0,0.0,41.5,0.0,81.1,7.5,11.3,0.0,0.0,0.0,30.2,43.4,26.4,0.0,709,47.1,40.6,6.5,52.9,35.0,36019.0,11776.0,36687.0,80588.0,,80368.0,,,81103.0,,,,,,,,,,,,,,,,35765.0,,,,36347.0,,
20007,11849,697,4370,3451,3331,5048,2067,2981,4310,1813,581,194,157,60,2749,974,1254,64,7,0,564,1483,2705,296,6801,3989,3156,833,2812,2007,805,75.8,7.4,0.2,6.1,0.0,2.5,7.9,9.3,73.4,5.9,36.9,29.1,28.1,5048,40.9,59.1,85.4,35.9,11.5,3.8,3.1,1.2,54.5,19.3,24.8,1.3,0.1,0.0,11.2,29.4,53.6,5.9,6801,58.7,46.4,12.2,41.3,29.5,142783.0,52944.0,128636.0,201250.0,142633.0,,,232259.0,,,98059.0,,203320.0,,233021.0,186198.0,,,,,165985.0,185078.0,,,104368.0,104782.0,101893.0,142940.0,95968.0,88750.0,123408.0
20008,16701,860,7779,3961,4101,5729,2151,3578,4960,1749,454,190,315,212,3387,1327,740,178,32,65,620,1349,3491,269,10972,7071,6064,1007,3901,3113,788,74.1,10.2,0.4,6.2,0.0,2.1,6.9,8.9,70.0,5.1,46.6,23.7,24.6,5729,37.5,62.5,86.6,30.5,7.9,3.3,5.5,3.7,59.1,23.2,12.9,3.1,0.6,1.1,10.8,23.5,60.9,4.7,10972,64.4,55.3,9.2,35.6,28.4,123653.0,50096.0,103040.0,188584.0,128510.0,235144.0,,191683.0,,,146750.0,153000.0,155265.0,,189519.0,,,,,,188434.0,161860.0,,,91209.0,87821.0,85000.0,101190.0,93164.0,89583.0,142222.0
20009,29175,1409,17943,6393,3430,7586,2430,5156,5948,1839,1317,515,321,76,4592,1492,1002,392,108,0,625,1272,5473,216,21589,11192,8271,2921,10397,7614,2783,66.6,14.3,0.1,6.1,0.1,3.2,9.6,12.5,62.2,4.8,61.5,21.9,11.8,7586,32.0,68.0,78.4,24.2,17.4,6.8,4.2,1.0,60.5,19.7,13.2,5.2,1.4,0.0,8.2,16.8,72.1,2.8,21589,51.8,38.3,13.5,48.2,35.3,140555.0,81202.0,146357.0,173363.0,76683.0,229844.0,235000.0,229737.0,,,60593.0,51625.0,70110.0,139265.0,,217045.0,143385.0,213298.0,,,67625.0,78261.0,,,122198.0,115123.0,96553.0,181074.0,129657.0,110710.0,235492.0
20010,14463,529,8723,3290,1921,5881,2733,3148,3837,1602,1544,924,500,207,2660,1493,1203,235,61,229,517,1298,3722,344,8582,4631,3595,1036,3951,2750,1201,48.6,22.2,1.3,8.4,0.0,9.3,10.2,20.7,43.5,3.7,60.3,22.7,13.3,5881,46.5,53.5,65.2,27.2,26.3,15.7,8.5,3.5,45.2,25.4,20.5,4.0,1.0,3.9,8.8,22.1,63.3,5.8,8582,54.0,41.9,12.1,46.0,32.0,110260.0,,116326.0,165417.0,50250.0,167279.0,165475.0,170179.0,239440.0,,42895.0,,78750.0,108398.0,183056.0,157940.0,173365.0,111938.0,,193472.0,19421.0,91417.0,221667.0,241250.0,91304.0,87730.0,80108.0,144091.0,99958.0,78571.0,167102.0
20011,27402,419,11741,8808,6434,15147,6603,8544,8362,4423,5194,1616,1591,564,5928,3742,3119,1228,792,338,1235,4463,7362,2087,12255,6325,5266,1059,5930,4726,1204,24.9,55.8,0.4,1.8,0.1,8.9,8.0,15.5,22.8,1.5,42.8,32.1,23.5,15147,43.6,56.4,55.2,29.2,34.3,10.7,10.5,3.7,39.1,24.7,20.6,8.1,5.2,2.2,8.2,29.5,48.6,13.8,12255,51.6,43.0,8.6,48.4,38.6,108377.0,72865.0,130340.0,127676.0,71282.0,132956.0,147865.0,130452.0,198423.0,206954.0,88381.0,67941.0,67165.0,67417.0,117174.0,152986.0,149028.0,121848.0,118810.0,111976.0,41843.0,88525.0,198102.0,141913.0,76262.0,70309.0,63738.0,133169.0,88298.0,71053.0,199276.0
20012,7150,82,2429,2389,2250,4273,1837,2436,2757,1397,1116,377,400,63,2039,848,895,219,121,151,319,1154,2467,333,2877,1974,1751,223,903,727,176,27.3,60.3,0.3,1.2,0.0,5.0,5.9,11.4,24.8,1.1,34.0,33.4,31.5,4273,43.0,57.0,64.5,32.7,26.1,8.8,9.4,1.5,47.7,19.8,20.9,5.1,2.8,3.5,7.5,27.0,57.7,7.8,2877,68.6,60.9,7.8,31.4,25.3,128234.0,,142423.0,148319.0,91429.0,186438.0,232690.0,155313.0,247589.0,,107976.0,116250.0,,,128021.0,217589.0,248661.0,225972.0,146939.0,,83015.0,68362.0,249018.0,202266.0,72092.0,73363.0,70737.0,141250.0,69938.0,58417.0,244245.0
20015,6250,66,1548,2252,2384,4163,2064,2099,3827,1901,251,113,85,50,1929,726,1232,252,0,24,542,812,2388,421,2087,1163,1073,90,924,723,201,74.6,11.0,0.0,4.7,0.0,1.3,8.4,7.7,72.2,1.1,24.8,36.0,38.1,4163,49.6,50.4,91.9,45.7,6.0,2.7,2.0,1.2,46.3,17.4,29.6,6.1,0.0,0.6,13.0,19.5,57.4,10.1,2087,55.7,51.4,4.3,44.3,34.6,,,,,157188.0,,,,,,152917.0,162604.0,,,,,,,,,120417.0,237917.0,,,84101.0,77730.0,74563.0,141944.0,101389.0,83373.0,193894.0
20016,13916,957,3280,4877,4802,7179,3443,3736,6300,2864,674,404,205,175,3573,1471,1471,591,73,0,1019,1971,3679,510,6737,4595,4090,505,2142,1818,324,79.3,6.6,0.1,5.3,0.0,1.5,7.3,7.7,77.2,6.9,23.6,35.0,34.5,7179,48.0,52.0,87.8,39.9,9.4,5.6,2.9,2.4,49.8,20.5,20.5,8.2,1.0,0.0,14.2,27.5,51.2,7.1,6737,68.2,60.7,7.5,31.8,27.0,179107.0,10433.0,181607.0,,145441.0,,,245197.0,,,183661.0,184732.0,188403.0,189653.0,225781.0,,,,,,164044.0,241369.0,,,94174.0,100250.0,100500.0,,77227.0,76366.0,98750.0
20017,8673,270,3606,2736,2061,4883,2182,2701,3088,1565,1480,500,315,117,2165,1309,935,351,98,25,703,1283,2591,306,3790,2119,1834,285,1671,1194,477,30.2,53.7,0.0,4.9,0.0,4.3,6.8,10.7,28.9,3.1,41.6,31.5,23.8,4883,44.7,55.3,63.2,32.0,30.3,10.2,6.5,2.4,44.3,26.8,19.1,7.2,2.0,0.5,14.4,26.3,53.1,6.3,3790,55.9,48.4,7.5,44.1,31.5,101543.0,40000.0,144750.0,114167.0,55547.0,148385.0,158397.0,138813.0,172768.0,221010.0,86118.0,79028.0,168240.0,120917.0,121080.0,153025.0,213456.0,63472.0,,199219.0,18254.0,90450.0,200511.0,172300.0,79375.0,79375.0,67955.0,103688.0,79375.0,54674.0,142917.0
20018,9027,138,3585,2918,2386,4369,1802,2567,2630,1265,1291,474,448,63,1999,1126,1076,106,29,33,416,1311,2276,366,4658,2546,2153,393,2112,1895,217,17.0,72.0,0.4,2.0,0.0,2.6,5.9,5.8,15.4,1.5,39.7,32.3,26.4,4369,41.2,58.8,60.2,29.0,29.5,10.8,10.3,1.4,45.8,25.8,24.6,2.4,0.7,0.8,9.5,30.0,52.1,8.4,4658,54.7,46.2,8.4,45.3,40.7,92569.0,45543.0,136065.0,105185.0,53207.0,136542.0,184811.0,124102.0,192059.0,229135.0,76563.0,55426.0,135489.0,,108828.0,161563.0,184167.0,183537.0,185208.0,,33116.0,101639.0,191078.0,216528.0,61029.0,67083.0,56309.0,137596.0,54099.0,52730.0,157022.0
20019,26523,446,10609,9651,5817,14453,7041,7412,4019,1555,8740,4978,1694,508,6524,3981,1823,875,827,423,2855,5718,4773,1107,12070,6247,5807,440,5823,5232,591,2.4,90.4,0.2,0.3,0.0,2.6,4.1,4.5,2.1,1.7,40.0,36.4,21.9,14453,48.7,51.3,27.8,10.8,60.5,34.4,11.7,3.5,45.1,27.5,12.6,6.1,5.7,2.9,19.8,39.6,33.0,7.7,12070,51.8,48.1,3.6,48.2,43.3,57031.0,8322.0,65456.0,69799.0,35963.0,69900.0,56473.0,81269.0,124857.0,141349.0,55665.0,37288.0,68190.0,92692.0,71210.0,57119.0,79818.0,78482.0,75901.0,116181.0,20299.0,59937.0,136054.0,174356.0,36535.0,34714.0,33079.0,69286.0,40149.0,36409.0,102044.0
20020,23509,534,9420,8803,4752,12795,6254,6541,3241,1058,8243,4633,1311,563,6099,3494,1986,640,552,24,3002,5276,3506,1011,10714,6037,5363,674,4677,3833,844,3.3,91.6,0.2,0.8,0.0,1.0,3.1,1.7,3.1,2.3,40.1,37.4,20.2,12795,48.9,51.1,25.3,8.3,64.4,36.2,10.2,4.4,47.7,27.3,15.5,5.0,4.3,0.2,23.5,41.2,27.4,7.9,10714,56.3,50.1,6.3,43.7,35.8,53015.0,,55414.0,58993.0,36750.0,59543.0,48202.0,75495.0,142978.0,122192.0,47552.0,39655.0,48858.0,,61255.0,51006.0,68672.0,93590.0,38409.0,,11364.0,52762.0,106853.0,171964.0,45500.0,42826.0,38933.0,70417.0,48750.0,44895.0,85352.0
20024,10056,563,4810,2825,1858,2773,785,1988,1772,258,824,504,177,23,1804,589,188,144,48,0,561,664,1327,221,7283,3988,3434,554,3295,2668,627,48.0,40.2,0.0,3.7,0.0,1.3,6.7,8.0,44.1,5.6,47.8,28.1,18.5,2773,28.3,71.7,63.9,9.3,29.7,18.2,6.4,0.8,65.1,21.2,6.8,5.2,1.7,0.0,20.2,23.9,47.9,8.0,7283,54.8,47.2,7.6,45.2,36.6,102623.0,91917.0,121378.0,134654.0,61434.0,157266.0,,166074.0,214545.0,,23468.0,23261.0,23918.0,,166594.0,143112.0,213182.0,,,,21696.0,,226607.0,144459.0,94895.0,83154.0,81017.0,138143.0,100207.0,91847.0,174671.0
20032,17802,296,7828,5913,3765,8150,4151,3999,3075,1536,4370,2226,705,389,3970,2172,1287,387,202,132,1305,3703,2735,407,9652,4973,4767,206,4679,4471,208,7.7,86.0,0.3,0.3,0.0,0.8,5.0,2.5,7.2,1.7,44.0,33.2,21.1,8150,50.9,49.1,37.7,18.8,53.6,27.3,8.7,4.8,48.7,26.7,15.8,4.7,2.5,1.6,16.0,45.4,33.6,5.0,9652,51.5,49.4,2.1,48.5,46.3,48146.0,35341.0,58077.0,48974.0,31127.0,61865.0,60607.0,65174.0,109827.0,121577.0,45938.0,43449.0,55705.0,55750.0,57917.0,83688.0,92713.0,51514.0,66909.0,58944.0,8368.0,54375.0,113365.0,134177.0,39189.0,46710.0,46287.0,55917.0,32296.0,31728.0,82800.0
20036,3789,346,2268,820,355,445,27,418,445,27,0,0,0,0,418,0,10,17,0,0,68,90,287,0,3344,1874,1694,180,1470,1351,119,69.6,2.9,0.0,19.1,0.0,0.5,7.8,9.2,65.8,9.1,59.9,21.6,9.4,445,6.1,93.9,100.0,6.1,0.0,0.0,0.0,0.0,93.9,0.0,2.2,3.8,0.0,0.0,15.3,20.2,64.5,0.0,3344,56.0,50.7,5.4,44.0,40.4,105800.0,85667.0,108438.0,113780.0,89196.0,235580.0,,234620.0,235580.0,,,,,,234620.0,,,,,,164271.0,233261.0,,,100978.0,101484.0,101058.0,170761.0,96483.0,92050.0,237708.0
20037,7302,1182,3498,1094,1528,1520,228,1292,1163,89,343,139,14,0,1370,80,70,0,0,0,187,647,686,0,5782,3155,2536,619,2627,2008,619,68.3,8.3,0.3,10.9,0.1,1.6,10.5,14.1,62.3,16.2,47.9,15.0,20.9,1520,15.0,85.0,76.5,5.9,22.6,9.1,0.9,0.0,90.1,5.3,4.6,0.0,0.0,0.0,12.3,42.6,45.1,0.0,5782,54.6,43.9,10.7,45.4,34.7,98917.0,28313.0,119615.0,159625.0,99104.0,185534.0,176596.0,186376.0,205865.0,176144.0,102461.0,177188.0,,,186348.0,,175638.0,,,,229190.0,163669.0,206308.0,,82061.0,80788.0,80052.0,108646.0,93241.0,79646.0,145221.0
