Zipcode,Estimate!!Number!!HOUSEHOLD INCOME BY RACE AND HISPANIC OR LATINO ORIGIN OF HOUSEHOLDER!!Households,Margin of Error!!Number!!HOUSEHOLD INCOME BY RACE AND HISPANIC OR LATINO ORIGIN OF HOUSEHOLDER!!Households,Estimate!!Number!!HOUSEHOLD INCOME BY RACE AND HISPANIC OR LATINO ORIGIN OF HOUSEHOLDER!!Households!!One race--!!White,Margin of Error!!Number!!HOUSEHOLD INCOME BY RACE AND HISPANIC OR LATINO ORIGIN OF HOUSEHOLDER!!Households!!One race--!!White,Estimate!!Number!!HOUSEHOLD INCOME BY RACE AND HISPANIC OR LATINO ORIGIN OF HOUSEHOLDER!!Households!!One race--!!Black or African American,Margin of Error!!Number!!HOUSEHOLD INCOME BY RACE AND HISPANIC OR LATINO ORIGIN OF HOUSEHOLDER!!Households!!One race--!!Black or African American,Estimate!!Number!!HOUSEHOLD INCOME BY RACE AND HISPANIC OR LATINO ORIGIN OF HOUSEHOLDER!!Households!!One race--!!American Indian and Alaska Native,Margin of Error!!Number!!HOUSEHOLD INCOME BY RACE AND HISPANIC OR LATINO ORIGIN OF HOUSEHOLDER!!Households!!One race--!!American Indian and Alaska Native,Estimate!!Number!!HOUSEHOLD INCOME BY RACE AND HISPANIC OR LATINO ORIGIN OF HOUSEHOLDER!!Households!!One race--!!Asian,Margin of Error!!Number!!HOUSEHOLD INCOME BY RACE AND HISPANIC OR LATINO ORIGIN OF HOUSEHOLDER!!Households!!One race--!!Asian,Estimate!!Number!!HOUSEHOLD INCOME BY RACE AND HISPANIC OR LATINO ORIGIN OF HOUSEHOLDER!!Households!!One race--!!Native Hawaiian and Other Pacific Islander,Margin of Error!!Number!!HOUSEHOLD INCOME BY RACE AND HISPANIC OR LATINO ORIGIN OF HOUSEHOLDER!!Households!!One race--!!Native Hawaiian and Other Pacific Islander,Estimate!!Number!!HOUSEHOLD INCOME BY RACE AND HISPANIC OR LATINO ORIGIN OF HOUSEHOLDER!!Households!!One race--!!Some other race,Margin of Error!!Number!!HOUSEHOLD INCOME BY RACE AND HISPANIC OR LATINO ORIGIN OF HOUSEHOLDER!!Households!!One race--!!Some other race,Estimate!!Number!!HOUSEHOLD INCOME BY RACE AND HISPANIC OR LATINO ORIGIN OF HOUSEHOLDER!!Households!!Two or more races,Margin of Error!!Number!!HOUSEHOLD INCOME BY RACE AND HISPANIC OR LATINO ORIGIN OF HOUSEHOLDER!!Households!!Two or more races,Estimate!!Number!!HOUSEHOLD INCOME BY RACE AND HISPANIC OR LATINO ORIGIN OF HOUSEHOLDER!!Households!!Hispanic or Latino origin (of any race),Margin of Error!!Number!!HOUSEHOLD INCOME BY RACE AND HISPANIC OR LATINO ORIGIN OF HOUSEHOLDER!!Households!!Hispanic or Latino origin (of any race),"Estimate!!Number!!HOUSEHOLD INCOME BY RACE AND HISPANIC OR LATINO ORIGIN OF HOUSEHOLDER!!Households!!White alone, not Hispanic or Latino","Margin of Error!!Number!!HOUSEHOLD INCOME BY RACE AND HISPANIC OR LATINO ORIGIN OF HOUSEHOLDER!!Households!!White alone, not Hispanic or Latino",Estimate!!Number!!HOUSEHOLD INCOME BY AGE OF HOUSEHOLDER!!15 to 24 years,Margin of Error!!Number!!HOUSEHOLD INCOME BY AGE OF HOUSEHOLDER!!15 to 24 years,Estimate!!Number!!HOUSEHOLD INCOME BY AGE OF HOUSEHOLDER!!25 to 44 years,Margin of Error!!Number!!HOUSEHOLD INCOME BY AGE OF HOUSEHOLDER!!25 to 44 years,Estimate!!Number!!HOUSEHOLD INCOME BY AGE OF HOUSEHOLDER!!45 to 64 years,Margin of Error!!Number!!HOUSEHOLD INCOME BY AGE OF HOUSEHOLDER!!45 to 64 years,Estimate!!Number!!HOUSEHOLD INCOME BY AGE OF HOUSEHOLDER!!65 years and over,Margin of Error!!Number!!HOUSEHOLD INCOME BY AGE OF HOUSEHOLDER!!65 years and over,Estimate!!Number!!FAMILIES!!Families,Margin of Error!!Number!!FAMILIES!!Families,Estimate!!Number!!FAMILIES!!Families!!With own children of householder under 18 years,Margin of Error!!Number!!FAMILIES!!Families!!With own children of householder under 18 years,Estimate!!Number!!FAMILIES!!Families!!With no own children of householder under 18 years,Margin of Error!!Number!!FAMILIES!!Families!!With no own children of householder under 18 years,Estimate!!Number!!FAMILIES!!Families!!Married-couple families,Margin of Error!!Number!!FAMILIES!!Families!!Married-couple families,Estimate!!Number!!FAMILIES!!Families!!Married-couple families!!With own children under 18 years,Margin of Error!!Number!!FAMILIES!!Families!!Married-couple families!!With own children under 18 years,"Estimate!!Number!!FAMILIES!!Families!!Female householder, no spouse present","Margin of Error!!Number!!FAMILIES!!Families!!Female householder, no spouse present","Estimate!!Number!!FAMILIES!!Families!!Female householder, no spouse present!!With own children under 18 years","Margin of Error!!Number!!FAMILIES!!Families!!Female householder, no spouse present!!With own children under 18 years","Estimate!!Number!!FAMILIES!!Families!!Male householder, no spouse present","Margin of Error!!Number!!FAMILIES!!Families!!Male householder, no spouse present","Estimate!!Number!!FAMILIES!!Families!!Male householder, no spouse present!!With own children under 18 years","Margin of Error!!Number!!FAMILIES!!Families!!Male householder, no spouse present!!With own children under 18 years",Estimate!!Number!!FAMILY INCOME BY FAMILY SIZE!!2-person families,Margin of Error!!Number!!FAMILY INCOME BY FAMILY SIZE!!2-person families,Estimate!!Number!!FAMILY INCOME BY FAMILY SIZE!!3-person families,Margin of Error!!Number!!FAMILY INCOME BY FAMILY SIZE!!3-person families,Estimate!!Number!!FAMILY INCOME BY FAMILY SIZE!!4-person families,Margin of Error!!Number!!FAMILY INCOME BY FAMILY SIZE!!4-person families,Estimate!!Number!!FAMILY INCOME BY FAMILY SIZE!!5-person families,Margin of Error!!Number!!FAMILY INCOME BY FAMILY SIZE!!5-person families,Estimate!!Number!!FAMILY INCOME BY FAMILY SIZE!!6-person families,Margin of Error!!Number!!FAMILY INCOME BY FAMILY SIZE!!6-person families,Estimate!!Number!!FAMILY INCOME BY FAMILY SIZE!!7-or-more person families,Margin of Error!!Number!!FAMILY INCOME BY FAMILY SIZE!!7-or-more person families,Estimate!!Number!!FAMILY INCOME BY NUMBER OF EARNERS!!No earners,Margin of Error!!Number!!FAMILY INCOME BY NUMBER OF EARNERS!!No earners,Estimate!!Number!!FAMILY INCOME BY NUMBER OF EARNERS!!1 earner,Margin of Error!!Number!!FAMILY INCOME BY NUMBER OF EARNERS!!1 earner,Estimate!!Number!!FAMILY INCOME BY NUMBER OF EARNERS!!2 earners,Margin of Error!!Number!!FAMILY INCOME BY NUMBER OF EARNERS!!2 earners,Estimate!!Number!!FAMILY INCOME BY NUMBER OF EARNERS!!3 or more earners,Margin of Error!!Number!!FAMILY INCOME BY NUMBER OF EARNERS!!3 or more earners,Estimate!!Number!!NONFAMILY HOUSEHOLDS!!Nonfamily households,Margin of Error!!Number!!NONFAMILY HOUSEHOLDS!!Nonfamily households,Estimate!!Number!!NONFAMILY HOUSEHOLDS!!Nonfamily households!!Female householder,Margin of Error!!Number!!NONFAMILY HOUSEHOLDS!!Nonfamily households!!Female householder,Estimate!!Number!!NONFAMILY HOUSEHOLDS!!Nonfamily households!!Female householder!!Living alone,Margin of Error!!Number!!NONFAMILY HOUSEHOLDS!!Nonfamily households!!Female householder!!Living alone,Estimate!!Number!!NONFAMILY HOUSEHOLDS!!Nonfamily households!!Female householder!!Not living alone,Margin of Error!!Number!!NONFAMILY HOUSEHOLDS!!Nonfamily households!!Female householder!!Not living alone,Estimate!!Number!!NONFAMILY HOUSEHOLDS!!Nonfamily households!!Male householder,Margin of Error!!Number!!NONFAMILY HOUSEHOLDS!!Nonfamily households!!Male householder,Estimate!!Number!!NONFAMILY HOUSEHOLDS!!Nonfamily households!!Male householder!!Living alone,Margin of Error!!Number!!NONFAMILY HOUSEHOLDS!!Nonfamily households!!Male householder!!Living alone,Estimate!!Number!!NONFAMILY HOUSEHOLDS!!Nonfamily households!!Male householder!!Not living alone,Margin of Error!!Number!!NONFAMILY HOUSEHOLDS!!Nonfamily households!!Male householder!!Not living alone,Estimate!!Percent Distribution!!HOUSEHOLD INCOME BY RACE AND HISPANIC OR LATINO ORIGIN OF HOUSEHOLDER!!Households,Margin of Error!!Percent Distribution!!HOUSEHOLD INCOME BY RACE AND HISPANIC OR LATINO ORIGIN OF HOUSEHOLDER!!Households,Estimate!!Percent Distribution!!HOUSEHOLD INCOME BY RACE AND HISPANIC OR LATINO ORIGIN OF HOUSEHOLDER!!Households!!One race--!!White,Margin of Error!!Percent Distribution!!HOUSEHOLD INCOME BY RACE AND HISPANIC OR LATINO ORIGIN OF HOUSEHOLDER!!Households!!One race--!!White,Estimate!!Percent Distribution!!HOUSEHOLD INCOME BY RACE AND HISPANIC OR LATINO ORIGIN OF HOUSEHOLDER!!Households!!One race--!!Black or African American,Margin of Error!!Percent Distribution!!HOUSEHOLD INCOME BY RACE AND HISPANIC OR LATINO ORIGIN OF HOUSEHOLDER!!Households!!One race--!!Black or African American,Estimate!!Percent Distribution!!HOUSEHOLD INCOME BY RACE AND HISPANIC OR LATINO ORIGIN OF HOUSEHOLDER!!Households!!One race--!!American Indian and Alaska Native,Margin of Error!!Percent Distribution!!HOUSEHOLD INCOME BY RACE AND HISPANIC OR LATINO ORIGIN OF HOUSEHOLDER!!Households!!One race--!!American Indian and Alaska Native,Estimate!!Percent Distribution!!HOUSEHOLD INCOME BY RACE AND HISPANIC OR LATINO ORIGIN OF HOUSEHOLDER!!Households!!One race--!!Asian,Margin of Error!!Percent Distribution!!HOUSEHOLD INCOME BY RACE AND HISPANIC OR LATINO ORIGIN OF HOUSEHOLDER!!Households!!One race--!!Asian,Estimate!!Percent Distribution!!HOUSEHOLD INCOME BY RACE AND HISPANIC OR LATINO ORIGIN OF HOUSEHOLDER!!Households!!One race--!!Native Hawaiian and Other Pacific Islander,Margin of Error!!Percent Distribution!!HOUSEHOLD INCOME BY RACE AND HISPANIC OR LATINO ORIGIN OF HOUSEHOLDER!!Households!!One race--!!Native Hawaiian and Other Pacific Islander,Estimate!!Percent Distribution!!HOUSEHOLD INCOME BY RACE AND HISPANIC OR LATINO ORIGIN OF HOUSEHOLDER!!Households!!One race--!!Some other race,Margin of Error!!Percent Distribution!!HOUSEHOLD INCOME BY RACE AND HISPANIC OR LATINO ORIGIN OF HOUSEHOLDER!!Households!!One race--!!Some other race,Estimate!!Percent Distribution!!HOUSEHOLD INCOME BY RACE AND HISPANIC OR LATINO ORIGIN OF HOUSEHOLDER!!Households!!Two or more races,Margin of Error!!Percent Distribution!!HOUSEHOLD INCOME BY RACE AND HISPANIC OR LATINO ORIGIN OF HOUSEHOLDER!!Households!!Two or more races,Estimate!!Percent Distribution!!HOUSEHOLD INCOME BY RACE AND HISPANIC OR LATINO ORIGIN OF HOUSEHOLDER!!Households!!Hispanic or Latino origin (of any race),Margin of Error!!Percent Distribution!!HOUSEHOLD INCOME BY RACE AND HISPANIC OR LATINO ORIGIN OF HOUSEHOLDER!!Households!!Hispanic or Latino origin (of any race),"Estimate!!Percent Distribution!!HOUSEHOLD INCOME BY RACE AND HISPANIC OR LATINO ORIGIN OF HOUSEHOLDER!!Households!!White alone, not Hispanic or Latino","Margin of Error!!Percent Distribution!!HOUSEHOLD INCOME BY RACE AND HISPANIC OR LATINO ORIGIN OF HOUSEHOLDER!!Households!!White alone, not Hispanic or Latino",Estimate!!Percent Distribution!!HOUSEHOLD INCOME BY AGE OF HOUSEHOLDER!!15 to 24 years,Margin of Error!!Percent Distribution!!HOUSEHOLD INCOME BY AGE OF HOUSEHOLDER!!15 to 24 years,Estimate!!Percent Distribution!!HOUSEHOLD INCOME BY AGE OF HOUSEHOLDER!!25 to 44 years,Margin of Error!!Percent Distribution!!HOUSEHOLD INCOME BY AGE OF HOUSEHOLDER!!25 to 44 years,Estimate!!Percent Distribution!!HOUSEHOLD INCOME BY AGE OF HOUSEHOLDER!!45 to 64 years,Margin of Error!!Percent Distribution!!HOUSEHOLD INCOME BY AGE OF HOUSEHOLDER!!45 to 64 years,Estimate!!Percent Distribution!!HOUSEHOLD INCOME BY AGE OF HOUSEHOLDER!!65 years and over,Margin of Error!!Percent Distribution!!HOUSEHOLD INCOME BY AGE OF HOUSEHOLDER!!65 years and over,Estimate!!Percent Distribution!!FAMILIES!!Families,Margin of Error!!Percent Distribution!!FAMILIES!!Families,Estimate!!Percent Distribution!!FAMILIES!!Families!!With own children of householder under 18 years,Margin of Error!!Percent Distribution!!FAMILIES!!Families!!With own children of householder under 18 years,Estimate!!Percent Distribution!!FAMILIES!!Families!!With no own children of householder under 18 years,Margin of Error!!Percent Distribution!!FAMILIES!!Families!!With no own children of householder under 18 years,Estimate!!Percent Distribution!!FAMILIES!!Families!!Married-couple families,Margin of Error!!Percent Distribution!!FAMILIES!!Families!!Married-couple families,Estimate!!Percent Distribution!!FAMILIES!!Families!!Married-couple families!!With own children under 18 years,Margin of Error!!Percent Distribution!!FAMILIES!!Families!!Married-couple families!!With own children under 18 years,"Estimate!!Percent Distribution!!FAMILIES!!Families!!Female householder, no spouse present","Margin of Error!!Percent Distribution!!FAMILIES!!Families!!Female householder, no spouse present","Estimate!!Percent Distribution!!FAMILIES!!Families!!Female householder, no spouse present!!With own children under 18 years","Margin of Error!!Percent Distribution!!FAMILIES!!Families!!Female householder, no spouse present!!With own children under 18 years","Estimate!!Percent Distribution!!FAMILIES!!Families!!Male householder, no spouse present","Margin of Error!!Percent Distribution!!FAMILIES!!Families!!Male householder, no spouse present","Estimate!!Percent Distribution!!FAMILIES!!Families!!Male householder, no spouse present!!With own children under 18 years","Margin of Error!!Percent Distribution!!FAMILIES!!Families!!Male householder, no spouse present!!With own children under 18 years",Estimate!!Percent Distribution!!FAMILY INCOME BY FAMILY SIZE!!2-person families,Margin of Error!!Percent Distribution!!FAMILY INCOME BY FAMILY SIZE!!2-person families,Estimate!!Percent Distribution!!FAMILY INCOME BY FAMILY SIZE!!3-person families,Margin of Error!!Percent Distribution!!FAMILY INCOME BY FAMILY SIZE!!3-person families,Estimate!!Percent Distribution!!FAMILY INCOME BY FAMILY SIZE!!4-person families,Margin of Error!!Percent Distribution!!FAMILY INCOME BY FAMILY SIZE!!4-person families,Estimate!!Percent Distribution!!FAMILY INCOME BY FAMILY SIZE!!5-person families,Margin of Error!!Percent Distribution!!FAMILY INCOME BY FAMILY SIZE!!5-person families,Estimate!!Percent Distribution!!FAMILY INCOME BY FAMILY SIZE!!6-person families,Margin of Error!!Percent Distribution!!FAMILY INCOME BY FAMILY SIZE!!6-person families,Estimate!!Percent Distribution!!FAMILY INCOME BY FAMILY SIZE!!7-or-more person families,Margin of Error!!Percent Distribution!!FAMILY INCOME BY FAMILY SIZE!!7-or-more person families,Estimate!!Percent Distribution!!FAMILY INCOME BY NUMBER OF EARNERS!!No earners,Margin of Error!!Percent Distribution!!FAMILY INCOME BY NUMBER OF EARNERS!!No earners,Estimate!!Percent Distribution!!FAMILY INCOME BY NUMBER OF EARNERS!!1 earner,Margin of Error!!Percent Distribution!!FAMILY INCOME BY NUMBER OF EARNERS!!1 earner,Estimate!!Percent Distribution!!FAMILY INCOME BY NUMBER OF EARNERS!!2 earners,Margin of Error!!Percent Distribution!!FAMILY INCOME BY NUMBER OF EARNERS!!2 earners,Estimate!!Percent Distribution!!FAMILY INCOME BY NUMBER OF EARNERS!!3 or more earners,Margin of Error!!Percent Distribution!!FAMILY INCOME BY NUMBER OF EARNERS!!3 or more earners,Estimate!!Percent Distribution!!NONFAMILY HOUSEHOLDS!!Nonfamily households,Margin of Error!!Percent Distribution!!NONFAMILY HOUSEHOLDS!!Nonfamily households,Estimate!!Percent Distribution!!NONFAMILY HOUSEHOLDS!!Nonfamily households!!Female householder,Margin of Error!!Percent Distribution!!NONFAMILY HOUSEHOLDS!!Nonfamily households!!Female householder,Estimate!!Percent Distribution!!NONFAMILY HOUSEHOLDS!!Nonfamily households!!Female householder!!Living alone,Margin of Error!!Percent Distribution!!NONFAMILY HOUSEHOLDS!!Nonfamily households!!Female householder!!Living alone,Estimate!!Percent Distribution!!NONFAMILY HOUSEHOLDS!!Nonfamily households!!Female householder!!Not living alone,Margin of Error!!Percent Distribution!!NONFAMILY HOUSEHOLDS!!Nonfamily households!!Female householder!!Not living alone,Estimate!!Percent Distribution!!NONFAMILY HOUSEHOLDS!!Nonfamily households!!Male householder,Margin of Error!!Percent Distribution!!NONFAMILY HOUSEHOLDS!!Nonfamily households!!Male householder,Estimate!!Percent Distribution!!NONFAMILY HOUSEHOLDS!!Nonfamily households!!Male householder!!Living alone,Margin of Error!!Percent Distribution!!NONFAMILY HOUSEHOLDS!!Nonfamily households!!Male householder!!Living alone,Estimate!!Percent Distribution!!NONFAMILY HOUSEHOLDS!!Nonfamily households!!Male householder!!Not living alone,Margin of Error!!Percent Distribution!!NONFAMILY HOUSEHOLDS!!Nonfamily households!!Male householder!!Not living alone,Estimate!!Median income (dollars)!!HOUSEHOLD INCOME BY RACE AND HISPANIC OR LATINO ORIGIN OF HOUSEHOLDER!!Households,Margin of Error!!Median income (dollars)!!HOUSEHOLD INCOME BY RACE AND HISPANIC OR LATINO ORIGIN OF HOUSEHOLDER!!Households,Estimate!!Median income (dollars)!!HOUSEHOLD INCOME BY RACE AND HISPANIC OR LATINO ORIGIN OF HOUSEHOLDER!!Households!!One race--!!White,Margin of Error!!Median income (dollars)!!HOUSEHOLD INCOME BY RACE AND HISPANIC OR LATINO ORIGIN OF HOUSEHOLDER!!Households!!One race--!!White,Estimate!!Median income (dollars)!!HOUSEHOLD INCOME BY RACE AND HISPANIC OR LATINO ORIGIN OF HOUSEHOLDER!!Households!!One race--!!Black or African American,Margin of Error!!Median income (dollars)!!HOUSEHOLD INCOME BY RACE AND HISPANIC OR LATINO ORIGIN OF HOUSEHOLDER!!Households!!One race--!!Black or African American,Estimate!!Median income (dollars)!!HOUSEHOLD INCOME BY RACE AND HISPANIC OR LATINO ORIGIN OF HOUSEHOLDER!!Households!!One race--!!American Indian and Alaska Native,Margin of Error!!Median income (dollars)!!HOUSEHOLD INCOME BY RACE AND HISPANIC OR LATINO ORIGIN OF HOUSEHOLDER!!Households!!One race--!!American Indian and Alaska Native,Estimate!!Median income (dollars)!!HOUSEHOLD INCOME BY RACE AND HISPANIC OR LATINO ORIGIN OF HOUSEHOLDER!!Households!!One race--!!Asian,Margin of Error!!Median income (dollars)!!HOUSEHOLD INCOME BY RACE AND HISPANIC OR LATINO ORIGIN OF HOUSEHOLDER!!Households!!One race--!!Asian,Estimate!!Median income (dollars)!!HOUSEHOLD INCOME BY RACE AND HISPANIC OR LATINO ORIGIN OF HOUSEHOLDER!!Households!!One race--!!Native Hawaiian and Other Pacific Islander,Margin of Error!!Median income (dollars)!!HOUSEHOLD INCOME BY RACE AND HISPANIC OR LATINO ORIGIN OF HOUSEHOLDER!!Households!!One race--!!Native Hawaiian and Other Pacific Islander,Estimate!!Median income (dollars)!!HOUSEHOLD INCOME BY RACE AND HISPANIC OR LATINO ORIGIN OF HOUSEHOLDER!!Households!!One race--!!Some other race,Margin of Error!!Median income (dollars)!!HOUSEHOLD INCOME BY RACE AND HISPANIC OR LATINO ORIGIN OF HOUSEHOLDER!!Households!!One race--!!Some other race,Estimate!!Median income (dollars)!!HOUSEHOLD INCOME BY RACE AND HISPANIC OR LATINO ORIGIN OF HOUSEHOLDER!!Households!!Two or more races,Margin of Error!!Median income (dollars)!!HOUSEHOLD INCOME BY RACE AND HISPANIC OR LATINO ORIGIN OF HOUSEHOLDER!!Households!!Two or more races,Estimate!!Median income (dollars)!!HOUSEHOLD INCOME BY RACE AND HISPANIC OR LATINO ORIGIN OF HOUSEHOLDER!!Households!!Hispanic or Latino origin (of any race),Margin of Error!!Median income (dollars)!!HOUSEHOLD INCOME BY RACE AND HISPANIC OR LATINO ORIGIN OF HOUSEHOLDER!!Households!!Hispanic or Latino origin (of any race),"Estimate!!Median income (dollars)!!HOUSEHOLD INCOME BY RACE AND HISPANIC OR LATINO ORIGIN OF HOUSEHOLDER!!Households!!White alone, not Hispanic or Latino","Margin of Error!!Median income (dollars)!!HOUSEHOLD INCOME BY RACE AND HISPANIC OR LATINO ORIGIN OF HOUSEHOLDER!!Households!!White alone, not Hispanic or Latino",Estimate!!Median income (dollars)!!HOUSEHOLD INCOME BY AGE OF HOUSEHOLDER!!15 to 24 years,Margin of Error!!Median income (dollars)!!HOUSEHOLD INCOME BY AGE OF HOUSEHOLDER!!15 to 24 years,Estimate!!Median income (dollars)!!HOUSEHOLD INCOME BY AGE OF HOUSEHOLDER!!25 to 44 years,Margin of Error!!Median income (dollars)!!HOUSEHOLD INCOME BY AGE OF HOUSEHOLDER!!25 to 44 years,Estimate!!Median income (dollars)!!HOUSEHOLD INCOME BY AGE OF HOUSEHOLDER!!45 to 64 years,Margin of Error!!Median income (dollars)!!HOUSEHOLD INCOME BY AGE OF HOUSEHOLDER!!45 to 64 years,Estimate!!Median income (dollars)!!HOUSEHOLD INCOME BY AGE OF HOUSEHOLDER!!65 years and over,Margin of Error!!Median income (dollars)!!HOUSEHOLD INCOME BY AGE OF HOUSEHOLDER!!65 years and over,Estimate!!Median income (dollars)!!FAMILIES!!Families,Margin of Error!!Median income (dollars)!!FAMILIES!!Families,Estimate!!Median income (dollars)!!FAMILIES!!Families!!With own children of householder under 18 years,Margin of Error!!Median income (dollars)!!FAMILIES!!Families!!With own children of householder under 18 years,Estimate!!Median income (dollars)!!FAMILIES!!Families!!With no own children of householder under 18 years,Margin of Error!!Median income (dollars)!!FAMILIES!!Families!!With no own children of householder under 18 years,Estimate!!Median income (dollars)!!FAMILIES!!Families!!Married-couple families,Margin of Error!!Median income (dollars)!!FAMILIES!!Families!!Married-couple families,Estimate!!Median income (dollars)!!FAMILIES!!Families!!Married-couple families!!With own children under 18 years,Margin of Error!!Median income (dollars)!!FAMILIES!!Families!!Married-couple families!!With own children under 18 years,"Estimate!!Median income (dollars)!!FAMILIES!!Families!!Female householder, no spouse present","Margin of Error!!Median income (dollars)!!FAMILIES!!Families!!Female householder, no spouse present","Estimate!!Median income (dollars)!!FAMILIES!!Families!!Female householder, no spouse present!!With own children under 18 years","Margin of Error!!Median income (dollars)!!FAMILIES!!Families!!Female householder, no spouse present!!With own children under 18 years","Estimate!!Median income (dollars)!!FAMILIES!!Families!!Male householder, no spouse present","Margin of Error!!Median income (dollars)!!FAMILIES!!Families!!Male householder, no spouse present","Estimate!!Median income (dollars)!!FAMILIES!!Families!!Male householder, no spouse present!!With own children under 18 years","Margin of Error!!Median income (dollars)!!FAMILIES!!Families!!Male householder, no spouse present!!With own children under 18 years",Estimate!!Median income (dollars)!!FAMILY INCOME BY FAMILY SIZE!!2-person families,Margin of Error!!Median income (dollars)!!FAMILY INCOME BY FAMILY SIZE!!2-person families,Estimate!!Median income (dollars)!!FAMILY INCOME BY FAMILY SIZE!!3-person families,Margin of Error!!Median income (dollars)!!FAMILY INCOME BY FAMILY SIZE!!3-person families,Estimate!!Median income (dollars)!!FAMILY INCOME BY FAMILY SIZE!!4-person families,Margin of Error!!Median income (dollars)!!FAMILY INCOME BY FAMILY SIZE!!4-person families,Estimate!!Median income (dollars)!!FAMILY INCOME BY FAMILY SIZE!!5-person families,Margin of Error!!Median income (dollars)!!FAMILY INCOME BY FAMILY SIZE!!5-person families,Estimate!!Median income (dollars)!!FAMILY INCOME BY FAMILY SIZE!!6-person families,Margin of Error!!Median income (dollars)!!FAMILY INCOME BY FAMILY SIZE!!6-person families,Estimate!!Median income (dollars)!!FAMILY INCOME BY FAMILY SIZE!!7-or-more person families,Margin of Error!!Median income (dollars)!!FAMILY INCOME BY FAMILY SIZE!!7-or-more person families,Estimate!!Median income (dollars)!!FAMILY INCOME BY NUMBER OF EARNERS!!No earners,Margin of Error!!Median income (dollars)!!FAMILY INCOME BY NUMBER OF EARNERS!!No earners,Estimate!!Median income (dollars)!!FAMILY INCOME BY NUMBER OF EARNERS!!1 earner,Margin of Error!!Median income (dollars)!!FAMILY INCOME BY NUMBER OF EARNERS!!1 earner,Estimate!!Median income (dollars)!!FAMILY INCOME BY NUMBER OF EARNERS!!2 earners,Margin of Error!!Median income (dollars)!!FAMILY INCOME BY NUMBER OF EARNERS!!2 earners,Estimate!!Median income (dollars)!!FAMILY INCOME BY NUMBER OF EARNERS!!3 or more earners,Margin of Error!!Median income (dollars)!!FAMILY INCOME BY NUMBER OF EARNERS!!3 or more earners,Estimate!!Median income (dollars)!!NONFAMILY HOUSEHOLDS!!Nonfamily households,Margin of Error!!Median income (dollars)!!NONFAMILY HOUSEHOLDS!!Nonfamily households,Estimate!!Median income (dollars)!!NONFAMILY HOUSEHOLDS!!Nonfamily households!!Female householder,Margin of Error!!Median income (dollars)!!NONFAMILY HOUSEHOLDS!!Nonfamily households!!Female householder,Estimate!!Median income (dollars)!!NONFAMILY HOUSEHOLDS!!Nonfamily households!!Female householder!!Living alone,Margin of Error!!Median income (dollars)!!NONFAMILY HOUSEHOLDS!!Nonfamily households!!Female householder!!Living alone,Estimate!!Median income (dollars)!!NONFAMILY HOUSEHOLDS!!Nonfamily households!!Female householder!!Not living alone,Margin of Error!!Median income (dollars)!!NONFAMILY HOUSEHOLDS!!Nonfamily households!!Female householder!!Not living alone,Estimate!!Median income (dollars)!!NONFAMILY HOUSEHOLDS!!Nonfamily households!!Male householder,Margin of Error!!Median income (dollars)!!NONFAMILY HOUSEHOLDS!!Nonfamily households!!Male householder,Estimate!!Median income (dollars)!!NONFAMILY HOUSEHOLDS!!Nonfamily households!!Male householder!!Living alone,Margin of Error!!Median income (dollars)!!NONFAMILY HOUSEHOLDS!!Nonfamily households!!Male householder!!Living alone,Estimate!!Median income (dollars)!!NONFAMILY HOUSEHOLDS!!Nonfamily households!!Male householder!!Not living alone,Margin of Error!!Median income (dollars)!!NONFAMILY HOUSEHOLDS!!Nonfamily households!!Male householder!!Not living alone,Unnamed: 241
20001,23831,1027,12977,695,6378,633,21,31,1842,301,38,54,767,321,1808,357,2078,443,12484,686,1491,280,14460,790,5283,540,2597,350,6695,486,2126,391,4569,370,4860,418,1297,282,1562,265,730,233,273,148,99,111,4320,368,1646,326,493,132,236,121,0,30,0,30,586,181,1263,264,4438,448,408,131,17136,997,8238,761,5668,672,2570,452,8898,750,6187,639,2711,348,23831,1027,54.5,2.2,26.8,2.3,0.1,0.1,7.7,1.2,0.2,0.2,3.2,1.3,7.6,1.4,8.7,1.8,52.4,2.2,6.3,1.1,60.7,2.1,22.2,2.0,10.9,1.5,6695,486,31.8,4.6,68.2,4.6,72.6,3.9,19.4,3.6,23.3,3.5,10.9,3.3,4.1,2.1,1.5,1.6,64.5,3.4,24.6,3.9,7.4,2.2,3.5,1.8,0.0,0.7,0.0,0.7,8.8,2.6,18.9,3.7,66.3,4.4,6.1,2.0,17136,997,48.1,3.3,33.1,3.3,15.0,2.5,51.9,3.3,36.1,3.0,15.8,2.0,138730,7850,177889,6286,48750,11057,-,**,127619,31176,-,**,163813,108920,123750,32174,130403,26791,179738,6068,51958,33729,165707,10460,134566,33018,34535,11705,202396,22750,218006,30405,192515,15677,"250,000+",***,"250,000+",***,61389,21490,34222,7371,-,**,38224,37464,193140,15704,210962,43426,182355,157804,"250,000+",***,-,**,-,**,29310,19703,92469,36168,"250,000+",***,168056,31457,122932,9067,114301,12217,84141,11914,174387,4917,142566,9118,100970,11666,236932,16112,
20002,34558,1218,16630,841,13048,1101,164,92,1341,289,13,19,629,175,2733,600,2508,373,15838,823,2093,433,19912,1020,8733,825,3820,508,13135,804,5384,500,7751,724,8820,736,3370,359,3726,528,1806,418,589,202,208,121,7465,757,2569,427,1899,263,888,211,260,142,54,58,1731,417,3225,488,7737,546,442,139,21423,1155,12563,1003,9080,847,3483,536,8860,855,5935,699,2925,516,34558,1218,48.1,2.3,37.8,2.5,0.5,0.3,3.9,0.9,0.0,0.1,1.8,0.5,7.9,1.7,7.3,1.1,45.8,2.2,6.1,1.2,57.6,2.3,25.3,2.2,11.1,1.4,13135,804,41.0,3.4,59.0,3.4,67.1,3.5,25.7,2.8,28.4,3.7,13.7,2.9,4.5,1.5,1.6,0.9,56.8,3.7,19.6,3.2,14.5,2.0,6.8,1.6,2.0,1.1,0.4,0.4,13.2,2.8,24.6,3.3,58.9,3.7,3.4,1.0,21423,1155,58.6,3.4,42.4,3.3,16.3,2.3,41.4,3.4,27.7,3.0,13.7,2.2,114482,8157,172311,10773,66547,6429,97500,92340,138250,57863,-,**,98813,31777,99519,10679,137375,19895,175319,12114,58582,13187,135170,9025,116275,19210,70263,17733,169815,14936,167966,28887,172306,14895,233393,19464,"250,000+",***,52209,10208,48048,11923,121875,63168,120489,47156,158445,37775,198393,38280,241875,74488,-,**,130357,114553,-,**,14798,9646,93914,19255,236688,15748,"250,000+",***,100935,3122,99722,3434,78254,8570,146086,21898,105170,9715,87671,6663,169276,17411,
20003,18835,659,13100,718,3669,530,50,79,775,197,0,30,222,120,1019,246,1043,235,12659,686,1030,280,11405,648,3964,425,2436,288,6805,529,2256,246,4549,451,5672,513,1613,233,947,200,574,197,186,101,69,48,4527,471,1345,197,649,124,228,97,21,22,35,37,530,140,1576,276,4513,447,186,78,12030,595,6088,680,4793,578,1295,343,5942,562,4346,554,1596,347,18835,659,69.6,2.9,19.5,2.6,0.3,0.4,4.1,1.1,0.0,0.3,1.2,0.6,5.4,1.3,5.5,1.2,67.2,2.8,5.5,1.5,60.6,2.5,21.0,2.2,12.9,1.5,6805,529,33.2,3.2,66.8,3.2,83.4,3.0,23.7,3.1,13.9,3.0,8.4,2.9,2.7,1.4,1.0,0.7,66.5,3.5,19.8,2.8,9.5,1.8,3.4,1.4,0.3,0.3,0.5,0.5,7.8,2.0,23.2,3.7,66.3,3.8,2.7,1.1,12030,595,50.6,4.5,39.8,4.0,10.8,2.8,49.4,4.5,36.1,4.6,13.3,2.8,159604,7483,183480,10569,110189,16369,-,**,156620,39784,-,**,188553,151165,130956,15612,158594,53032,181987,10734,98750,27245,168725,12103,176857,13954,136625,18081,233904,14648,218315,24284,238455,6045,"250,000+",***,"250,000+",***,56030,14601,49643,12648,159914,26834,117750,30405,236188,13919,196477,35574,"250,000+",***,-,**,220521,212995,-,**,117619,70631,155078,33931,"250,000+",***,221250,68705,123262,8712,115278,12060,106949,17363,174042,21006,129461,10138,109704,9794,198958,26028,
20004,1251,213,1018,192,142,118,0,14,45,32,0,14,13,20,33,33,161,89,901,194,16,17,646,178,351,94,238,90,300,126,34,30,266,124,290,127,34,30,10,15,0,14,0,14,0,14,240,122,60,43,0,14,0,14,0,14,0,14,28,30,123,107,136,62,13,21,951,209,310,104,297,105,13,19,641,175,472,175,169,72,1251,213,81.4,8.7,11.4,8.9,0.0,3.7,3.6,2.6,0.0,3.7,1.0,1.6,2.6,2.7,12.9,7.0,72.0,9.9,1.3,1.4,51.6,8.9,28.1,6.9,19.0,7.1,300,126,11.3,10.5,88.7,10.5,96.7,5.4,11.3,10.5,3.3,5.4,0.0,14.6,0.0,14.6,0.0,14.6,80.0,14.8,20.0,14.8,0.0,14.6,0.0,14.6,0.0,14.6,0.0,14.6,9.3,10.2,41.0,22.8,45.3,21.0,4.3,7.0,951,209,32.6,9.3,31.2,9.4,1.4,2.0,67.4,9.3,49.6,11.5,17.8,8.0,161359,29188,171250,68315,-,**,-,**,127625,21244,-,**,-,**,-,**,168646,38134,194479,66039,-,**,133750,38339,238417,89114,"250,000+",***,247143,92244,"250,000+",***,239833,97251,"250,000+",***,"250,000+",***,-,**,-,**,-,**,-,**,237667,151692,"250,000+",***,-,**,-,**,-,**,-,**,-,**,-,**,"250,000+",***,-,**,149736,26896,148750,19991,148170,20787,-,**,154432,50492,148438,72136,"250,000+",***,
20005,8691,601,5367,596,1038,323,281,258,669,208,0,23,420,192,916,276,1510,367,4982,569,578,183,5316,583,1753,392,1044,373,1556,353,344,136,1212,331,1242,319,233,96,229,111,96,102,85,73,15,29,1216,347,87,54,149,112,6,12,77,70,21,18,85,49,384,136,1087,331,0,23,7135,600,3776,548,3257,517,519,208,3359,481,2523,447,836,267,8691,601,61.8,4.7,11.9,3.8,3.2,2.9,7.7,2.4,0.0,0.5,4.8,2.2,10.5,3.1,17.4,3.8,57.3,4.8,6.7,2.1,61.2,5.5,20.2,4.5,12.0,4.0,1556,353,22.1,8.4,77.9,8.4,79.8,8.0,15.0,7.1,14.7,6.7,6.2,6.3,5.5,4.6,1.0,1.8,78.1,9.3,5.6,3.8,9.6,6.9,0.4,0.8,4.9,4.7,1.3,1.2,5.5,3.3,24.7,8.6,69.9,9.3,0.0,3.0,7135,600,52.9,5.8,45.6,5.7,7.3,2.8,47.1,5.8,35.4,5.8,11.7,3.6,111960,10981,141367,14315,31611,15823,-,**,134875,86736,-,**,56190,25995,80192,69541,68333,14874,139167,14358,73611,48284,143433,19330,61314,31847,64048,6351,216875,86339,-,**,220781,73397,"250,000+",***,"250,000+",***,56448,3607,56468,3478,-,**,-,**,217083,78231,233854,166461,"250,000+",***,-,**,-,**,-,**,-,**,71765,19479,"250,000+",***,-,**,105013,12624,89765,15495,77644,14596,249148,112492,119792,21169,103922,28235,208393,65361,
20006,762,176,308,72,65,45,15,18,284,161,0,14,0,14,90,53,122,65,280,73,169,65,487,160,84,57,22,23,53,40,10,8,43,40,31,28,10,8,0,14,0,14,22,27,0,14,43,40,4,8,6,2,0,14,0,14,0,14,16,25,23,29,14,10,0,14,709,174,334,88,288,81,46,37,375,152,248,86,127,136,762,176,40.4,11.7,8.5,5.9,2.0,2.4,37.3,15.0,0.0,6.0,0.0,6.0,11.8,7.1,16.0,8.5,36.7,11.2,22.2,9.3,63.9,10.1,11.0,7.6,2.9,2.8,53,40,18.9,22.6,81.1,22.6,58.5,39.9,18.9,22.6,0.0,49.2,0.0,49.2,41.5,39.9,0.0,49.2,81.1,22.6,7.5,16.8,11.3,12.0,0.0,49.2,0.0,49.2,0.0,49.2,30.2,39.5,43.4,40.2,26.4,26.9,0.0,49.2,709,174,47.1,12.2,40.6,11.8,6.5,5.0,52.9,12.2,35.0,13.1,17.9,16.1,36019,6937,-,**,-,**,-,**,35655,26957,-,**,-,**,59327,30398,57679,38391,-,**,11776,4878,36687,16380,80588,79791,-,**,80368,50819,-,**,-,**,81103,1635,-,**,-,**,-,**,-,**,-,**,-,**,-,**,-,**,-,**,-,**,-,**,-,**,-,**,-,**,-,**,35765,11550,-,**,-,**,-,**,36347,11275,-,**,-,**,
20007,11849,729,8986,588,881,341,25,38,717,236,0,27,302,142,938,281,1107,300,8692,584,697,178,4370,502,3451,499,3331,402,5048,497,2067,322,2981,389,4310,469,1813,314,581,210,194,107,157,107,60,71,2749,381,974,243,1254,272,64,47,7,14,0,27,564,186,1483,315,2705,401,296,124,6801,632,3989,515,3156,488,833,223,2812,497,2007,421,805,237,11849,729,75.8,3.3,7.4,2.8,0.2,0.3,6.1,1.9,0.0,0.4,2.5,1.2,7.9,2.2,9.3,2.4,73.4,3.2,5.9,1.5,36.9,3.5,29.1,3.6,28.1,3.2,5048,497,40.9,5.0,59.1,5.0,85.4,4.3,35.9,4.9,11.5,3.9,3.8,2.1,3.1,2.1,1.2,1.4,54.5,5.1,19.3,4.5,24.8,4.7,1.3,0.9,0.1,0.3,0.0,0.9,11.2,3.5,29.4,5.7,53.6,5.5,5.9,2.4,6801,632,58.7,5.9,46.4,5.8,12.2,3.3,41.3,5.9,29.5,5.2,11.8,3.4,142783,9789,156282,17294,101918,15542,-,**,133315,53171,-,**,82679,34750,105116,36835,107355,45285,155513,16394,52944,24104,128636,14179,201250,49401,142633,22909,"250,000+",***,"250,000+",***,232259,24527,"250,000+",***,"250,000+",***,98059,40077,-,**,203320,187905,-,**,233021,25606,186198,61267,"250,000+",***,"250,000+",***,-,**,-,**,165985,38850,185078,45257,"250,000+",***,"250,000+",***,104368,8651,104782,12750,101893,10052,142940,22903,95968,26203,88750,10858,123408,20495,
20008,16701,831,12383,802,1702,389,61,62,1041,319,0,27,356,184,1158,262,1479,330,11694,796,860,226,7779,757,3961,385,4101,407,5729,652,2151,390,3578,643,4960,629,1749,323,454,155,190,85,315,161,212,146,3387,594,1327,295,740,190,178,100,32,43,65,81,620,200,1349,267,3491,465,269,115,10972,714,7071,675,6064,568,1007,264,3901,532,3113,467,788,224,16701,831,74.1,3.3,10.2,2.2,0.4,0.4,6.2,1.8,0.0,0.3,2.1,1.1,6.9,1.6,8.9,2.0,70.0,3.5,5.1,1.3,46.6,3.2,23.7,2.3,24.6,2.4,5729,652,37.5,6.8,62.5,6.8,86.6,3.2,30.5,5.8,7.9,2.7,3.3,1.5,5.5,2.7,3.7,2.5,59.1,5.8,23.2,4.8,12.9,3.4,3.1,1.8,0.6,0.7,1.1,1.4,10.8,3.2,23.5,4.0,60.9,4.8,4.7,1.8,10972,714,64.4,4.4,55.3,3.6,9.2,2.3,35.6,4.4,28.4,3.9,7.2,2.0,123653,11836,142363,15387,51667,24474,-,**,89018,32892,-,**,89167,18387,135682,52549,103186,17053,145722,14611,50096,11044,103040,7949,188584,25691,128510,35953,235144,22973,"250,000+",***,191683,28639,"250,000+",***,"250,000+",***,146750,107662,153000,112628,155265,108876,-,**,189519,34748,"250,000+",***,"250,000+",***,"250,000+",***,-,**,-,**,188434,35444,161860,48033,"250,000+",***,"250,000+",***,91209,7427,87821,11178,85000,9767,101190,23691,93164,9663,89583,15021,142222,60508,
20009,29175,1259,19443,880,4164,807,37,52,1773,290,28,38,942,287,2788,592,3644,639,18147,916,1409,288,17943,981,6393,930,3430,490,7586,826,2430,439,5156,692,5948,659,1839,433,1317,401,515,183,321,184,76,65,4592,576,1492,405,1002,375,392,186,108,94,0,30,625,223,1272,269,5473,730,216,153,21589,962,11192,845,8271,833,2921,371,10397,719,7614,764,2783,415,29175,1259,66.6,2.7,14.3,2.4,0.1,0.2,6.1,1.1,0.1,0.1,3.2,0.9,9.6,1.9,12.5,2.1,62.2,2.8,4.8,1.0,61.5,2.6,21.9,2.8,11.8,1.6,7586,826,32.0,4.9,68.0,4.9,78.4,4.9,24.2,5.1,17.4,4.6,6.8,2.4,4.2,2.3,1.0,0.8,60.5,5.7,19.7,4.9,13.2,4.3,5.2,2.3,1.4,1.2,0.0,0.6,8.2,2.9,16.8,3.3,72.1,4.3,2.8,2.0,21589,962,51.8,2.9,38.3,3.1,13.5,1.7,48.2,2.9,35.3,3.2,12.9,1.9,140555,8597,153545,9192,59826,11523,59375,22763,133932,30391,-,**,53163,17292,169659,26080,97348,16629,158284,7425,81202,20092,146357,10832,173363,33038,76683,20505,229844,35973,235000,51796,229737,39654,"250,000+",***,"250,000+",***,60593,25784,51625,47472,70110,56661,139265,87945,"250,000+",***,217045,85137,143385,69873,213298,30417,"250,000+",***,-,**,67625,59535,78261,13895,"250,000+",***,"250,000+",***,122198,5102,115123,11291,96553,6797,181074,9954,129657,11787,110710,16094,235492,32782,
20010,14463,720,7034,618,3204,525,185,156,1210,354,0,30,1350,267,1480,247,2994,406,6292,513,529,168,8723,594,3290,380,1921,344,5881,495,2733,404,3148,373,3837,436,1602,313,1544,357,924,305,500,197,207,115,2660,367,1493,353,1203,266,235,93,61,65,229,84,517,251,1298,288,3722,366,344,114,8582,668,4631,530,3595,473,1036,267,3951,476,2750,448,1201,230,14463,720,48.6,4.3,22.2,3.1,1.3,1.1,8.4,2.3,0.0,0.3,9.3,1.9,10.2,1.7,20.7,2.6,43.5,3.7,3.7,1.1,60.3,2.8,22.7,2.4,13.3,2.3,5881,495,46.5,5.1,53.5,5.1,65.2,5.4,27.2,4.9,26.3,5.4,15.7,4.8,8.5,3.3,3.5,1.9,45.2,5.0,25.4,5.5,20.5,4.1,4.0,1.6,1.0,1.1,3.9,1.5,8.8,4.0,22.1,4.1,63.3,5.3,5.8,2.0,8582,668,54.0,4.4,41.9,4.3,12.1,3.0,46.0,4.4,32.0,4.4,14.0,2.7,110260,7185,166163,16651,57356,12772,-,**,87188,21263,-,**,63750,3576,95833,32762,78611,17426,173138,14213,-,**,116326,16162,165417,34050,50250,15610,167279,15250,165475,37554,170179,23542,239440,26815,"250,000+",***,42895,9102,-,**,78750,57689,108398,73366,183056,42659,157940,72874,173365,64501,111938,95420,-,**,193472,118267,19421,10842,91417,36490,221667,33717,241250,59199,91304,6686,87730,8359,80108,11462,144091,36188,99958,17697,78571,12479,167102,49433,
20011,27402,1133,6825,497,15290,1046,119,94,503,135,40,45,2433,463,2192,511,4257,513,6253,470,419,203,11741,1020,8808,808,6434,515,15147,941,6603,599,8544,673,8362,690,4423,481,5194,705,1616,415,1591,356,564,263,5928,630,3742,427,3119,613,1228,291,792,356,338,135,1235,333,4463,639,7362,667,2087,519,12255,980,6325,721,5266,654,1059,259,5930,866,4726,880,1204,230,27402,1133,24.9,2.0,55.8,2.4,0.4,0.3,1.8,0.5,0.1,0.2,8.9,1.6,8.0,1.9,15.5,1.8,22.8,1.8,1.5,0.7,42.8,2.8,32.1,2.7,23.5,1.9,15147,941,43.6,2.8,56.4,2.8,55.2,3.9,29.2,3.1,34.3,3.8,10.7,2.5,10.5,2.1,3.7,1.7,39.1,3.2,24.7,2.8,20.6,3.4,8.1,1.9,5.2,2.3,2.2,0.9,8.2,2.2,29.5,3.7,48.6,3.2,13.8,3.3,12255,980,51.6,5.1,43.0,4.7,8.6,2.1,48.4,5.1,38.6,5.5,9.8,2.0,108377,10803,199688,14552,82401,12330,-,**,176250,46954,-,**,71510,8184,130875,47232,86824,36912,208021,14610,72865,25204,130340,16486,127676,14469,71282,6948,132956,7081,147865,22053,130452,8453,198423,15192,206954,28691,88381,11217,67941,17521,67165,30507,67417,66605,117174,13356,152986,32000,149028,42748,121848,32968,118810,102519,111976,34631,41843,10138,88525,18128,198102,17302,141913,46078,76262,15480,70309,7982,63738,8874,133169,14782,88298,12328,71053,19128,199276,33608,
20012,7150,586,1954,238,4310,550,24,42,87,74,0,23,356,169,419,174,814,226,1775,232,82,71,2429,393,2389,416,2250,450,4273,559,1837,323,2436,477,2757,364,1397,246,1116,266,377,183,400,366,63,62,2039,468,848,189,895,214,219,104,121,92,151,127,319,120,1154,430,2467,396,333,96,2877,410,1974,377,1751,375,223,95,903,248,727,236,176,111,7150,586,27.3,3.4,60.3,4.4,0.3,0.6,1.2,1.0,0.0,0.7,5.0,2.4,5.9,2.4,11.4,3.1,24.8,3.3,1.1,1.0,34.0,4.8,33.4,5.3,31.5,5.5,4273,559,43.0,6.6,57.0,6.6,64.5,7.9,32.7,5.1,26.1,5.6,8.8,4.2,9.4,7.9,1.5,1.4,47.7,6.8,19.8,5.0,20.9,4.5,5.1,2.4,2.8,2.2,3.5,2.9,7.5,2.7,27.0,8.1,57.7,7.7,7.8,2.6,2877,410,68.6,7.9,60.9,8.2,7.8,3.4,31.4,7.9,25.3,7.6,6.1,3.9,128234,21251,212222,46880,98636,21526,-,**,-,**,-,**,-,**,154766,106243,133357,32067,225959,44103,-,**,142423,20549,148319,51313,91429,21767,186438,33127,232690,32637,155313,36209,247589,24269,"250,000+",***,107976,33557,116250,91165,-,**,-,**,128021,38480,217589,49389,248661,38335,225972,120709,146939,33226,-,**,83015,36875,68362,34071,249018,31273,202266,43199,72092,5875,73363,10285,70737,10875,141250,60464,69938,18237,58417,26074,244245,50198,
20015,6250,437,4660,401,690,199,0,23,291,120,0,23,83,64,526,166,484,161,4510,409,66,60,1548,264,2252,311,2384,231,4163,425,2064,270,2099,320,3827,428,1901,253,251,102,113,64,85,81,50,72,1929,336,726,142,1232,243,252,113,0,23,24,25,542,156,812,211,2388,405,421,145,2087,290,1163,243,1073,227,90,53,924,190,723,182,201,100,6250,437,74.6,3.7,11.0,3.1,0.0,0.8,4.7,1.9,0.0,0.8,1.3,1.0,8.4,2.6,7.7,2.5,72.2,3.8,1.1,0.9,24.8,3.5,36.0,4.0,38.1,3.6,4163,425,49.6,5.0,50.4,5.0,91.9,2.9,45.7,4.7,6.0,2.5,2.7,1.6,2.0,1.9,1.2,1.7,46.3,5.1,17.4,3.7,29.6,5.2,6.1,2.7,0.0,1.1,0.6,0.6,13.0,3.6,19.5,4.8,57.4,6.5,10.1,3.6,2087,290,55.7,7.5,51.4,7.3,4.3,2.4,44.3,7.5,34.6,7.5,9.6,4.8,"250,000+",***,"250,000+",***,84418,14669,-,**,"250,000+",***,-,**,-,**,"250,000+",***,194615,39873,"250,000+",***,-,**,"250,000+",***,"250,000+",***,157188,31506,"250,000+",***,"250,000+",***,"250,000+",***,"250,000+",***,"250,000+",***,152917,70598,162604,111153,"250,000+",***,-,**,"250,000+",***,"250,000+",***,"250,000+",***,"250,000+",***,-,**,-,**,120417,44016,237917,61678,"250,000+",***,"250,000+",***,84101,16839,77730,16435,74563,13184,141944,48541,101389,55655,83373,6848,193894,120460,
20016,13916,787,11033,772,919,323,12,19,731,191,0,30,202,129,1019,261,1066,301,10743,777,957,331,3280,463,4877,510,4802,392,7179,469,3443,341,3736,343,6300,448,2864,316,674,193,404,157,205,101,175,100,3573,331,1471,266,1471,268,591,187,73,55,0,30,1019,193,1971,329,3679,372,510,153,6737,640,4595,623,4090,608,505,170,2142,360,1818,349,324,131,13916,787,79.3,3.3,6.6,2.3,0.1,0.1,5.3,1.3,0.0,0.3,1.5,0.9,7.3,1.8,7.7,2.1,77.2,3.6,6.9,2.3,23.6,2.9,35.0,3.0,34.5,2.8,7179,469,48.0,3.4,52.0,3.4,87.8,2.8,39.9,3.7,9.4,2.6,5.6,2.1,2.9,1.4,2.4,1.4,49.8,3.6,20.5,3.3,20.5,3.4,8.2,2.6,1.0,0.8,0.0,0.7,14.2,2.6,27.5,4.1,51.2,4.2,7.1,2.0,6737,640,68.2,5.2,60.7,5.6,7.5,2.5,31.8,5.2,27.0,5.0,4.8,2.0,179107,13238,194792,16339,76717,51203,-,**,146417,86609,-,**,-,**,163086,101262,119129,49887,194792,16424,10433,7142,181607,51926,"250,000+",***,145441,14958,"250,000+",***,"250,000+",***,245197,29166,"250,000+",***,"250,000+",***,183661,44798,184732,73851,188403,93931,189653,112963,225781,23828,"250,000+",***,"250,000+",***,"250,000+",***,"250,000+",***,-,**,164044,34978,241369,18755,"250,000+",***,"250,000+",***,94174,11029,100250,17672,100500,16861,-,**,77227,17395,76366,10970,98750,56267,
20017,8673,497,2622,294,4656,463,0,27,427,157,0,27,374,157,594,202,932,226,2505,299,270,103,3606,423,2736,393,2061,261,4883,417,2182,337,2701,353,3088,361,1565,302,1480,283,500,211,315,182,117,91,2165,312,1309,245,935,234,351,178,98,74,25,25,703,231,1283,277,2591,326,306,114,3790,420,2119,339,1834,317,285,95,1671,306,1194,294,477,171,8673,497,30.2,3.3,53.7,3.8,0.0,0.5,4.9,1.8,0.0,0.5,4.3,1.8,6.8,2.3,10.7,2.5,28.9,3.4,3.1,1.2,41.6,4.2,31.5,3.8,23.8,2.9,4883,417,44.7,5.6,55.3,5.6,63.2,5.7,32.0,5.7,30.3,5.2,10.2,4.2,6.5,3.6,2.4,1.8,44.3,4.9,26.8,4.3,19.1,4.8,7.2,3.5,2.0,1.5,0.5,0.5,14.4,4.3,26.3,5.4,53.1,5.6,6.3,2.2,3790,420,55.9,6.4,48.4,6.7,7.5,2.2,44.1,6.4,31.5,6.5,12.6,4.6,101543,7631,195321,23534,86559,9950,-,**,203375,70584,-,**,60379,60241,58646,43798,59821,18892,195288,22479,40000,32028,144750,44482,114167,22555,55547,12285,148385,19139,158397,31481,138813,28822,172768,38632,221010,38545,86118,5729,79028,49065,168240,85762,120917,86199,121080,36157,153025,44210,213456,43116,63472,40917,"250,000+",***,199219,108331,18254,13167,90450,5965,200511,34557,172300,23431,79375,12953,79375,14734,67955,19064,103688,63854,79375,42171,54674,36387,142917,57844,
20018,9027,761,1539,275,6499,740,40,50,183,108,0,23,231,136,535,229,520,203,1394,269,138,117,3585,475,2918,545,2386,345,4369,567,1802,263,2567,526,2630,367,1265,266,1291,329,474,220,448,332,63,86,1999,512,1126,228,1076,201,106,69,29,26,33,33,416,131,1311,445,2276,340,366,109,4658,635,2546,353,2153,340,393,182,2112,598,1895,586,217,96,9027,761,17.0,2.9,72.0,4.1,0.4,0.6,2.0,1.2,0.0,0.5,2.6,1.5,5.9,2.6,5.8,2.2,15.4,2.9,1.5,1.3,39.7,4.1,32.3,4.8,26.4,3.8,4369,567,41.2,6.4,58.8,6.4,60.2,7.6,29.0,6.6,29.5,6.4,10.8,4.8,10.3,6.9,1.4,2.0,45.8,7.1,25.8,5.7,24.6,4.5,2.4,1.6,0.7,0.6,0.8,0.8,9.5,2.9,30.0,7.5,52.1,6.9,8.4,2.7,4658,635,54.7,8.5,46.2,8.5,8.4,3.8,45.3,8.5,40.7,8.8,4.7,2.0,92569,19012,207109,31159,66516,16368,-,**,-,**,-,**,-,**,84889,81162,78135,26631,217639,20760,45543,44670,136065,17135,105185,32087,53207,13291,136542,16013,184811,42839,124102,22651,192059,35873,229135,47706,76563,46935,55426,2864,135489,90713,-,**,108828,35383,161563,63888,184167,60622,183537,28496,185208,152253,"250,000+",***,33116,10960,101639,40910,191078,30086,216528,47641,61029,14377,67083,14281,56309,18347,137596,60404,54099,24599,52730,32893,157022,20232,
20019,26523,1065,629,211,23981,1051,49,46,67,38,0,34,701,261,1096,330,1200,303,558,194,446,207,10609,848,9651,676,5817,569,14453,1096,7041,915,7412,809,4019,649,1555,399,8740,948,4978,793,1694,397,508,228,6524,896,3981,690,1823,375,875,262,827,201,423,169,2855,627,5718,810,4773,746,1107,249,12070,844,6247,593,5807,569,440,186,5823,670,5232,597,591,263,26523,1065,2.4,0.8,90.4,1.5,0.2,0.2,0.3,0.1,0.0,0.2,2.6,1.0,4.1,1.2,4.5,1.1,2.1,0.7,1.7,0.8,40.0,2.5,36.4,2.4,21.9,1.9,14453,1096,48.7,4.6,51.3,4.6,27.8,3.9,10.8,2.7,60.5,4.4,34.4,4.3,11.7,2.7,3.5,1.6,45.1,4.7,27.5,4.1,12.6,2.7,6.1,1.7,5.7,1.4,2.9,1.2,19.8,3.7,39.6,4.9,33.0,4.7,7.7,1.7,12070,844,51.8,3.9,48.1,3.9,3.6,1.5,48.2,3.9,43.3,3.7,4.9,2.1,57031,4036,136063,42977,55201,3545,-,**,-,**,-,**,124044,96963,75750,49238,89348,48955,135125,43591,8322,3386,65456,8454,69799,6107,35963,2879,69900,8364,56473,9014,81269,9491,124857,24712,141349,12908,55665,7349,37288,14424,68190,18569,92692,35075,71210,11548,57119,8680,79818,27012,78482,15158,75901,27383,116181,86264,20299,9561,59937,5670,136054,19442,174356,25807,36535,3207,34714,4181,33079,7310,69286,57690,40149,9262,36409,6856,102044,36704,
20020,23509,1130,782,222,21538,1182,40,41,188,107,1,3,231,130,729,221,396,138,719,221,534,271,9420,942,8803,686,4752,531,12795,1141,6254,841,6541,658,3241,567,1058,306,8243,976,4633,763,1311,542,563,410,6099,787,3494,644,1986,465,640,279,552,212,24,25,3002,588,5276,802,3506,609,1011,240,10714,917,6037,630,5363,595,674,257,4677,759,3833,652,844,376,23509,1130,3.3,1.0,91.6,1.5,0.2,0.2,0.8,0.5,0.0,0.1,1.0,0.6,3.1,0.9,1.7,0.6,3.1,1.0,2.3,1.1,40.1,2.9,37.4,3.1,20.2,2.1,12795,1141,48.9,3.9,51.1,3.9,25.3,4.3,8.3,2.4,64.4,5.0,36.2,4.5,10.2,4.0,4.4,3.1,47.7,4.8,27.3,4.0,15.5,3.4,5.0,2.1,4.3,1.7,0.2,0.2,23.5,3.9,41.2,4.8,27.4,4.3,7.9,1.9,10714,917,56.3,5.1,50.1,5.3,6.3,2.3,43.7,5.1,35.8,4.9,7.9,3.3,53015,5313,164643,42516,50882,4827,-,**,66235,10124,-,**,"2,500-",***,83603,48400,120962,12881,153438,32793,-,**,55414,10753,58993,9918,36750,8577,59543,7384,48202,9182,75495,14289,142978,27420,122192,51929,47552,7061,39655,5738,48858,28964,-,**,61255,9287,51006,14193,68672,36604,93590,40828,38409,32183,-,**,11364,3026,52762,6521,106853,17454,171964,69301,45500,6478,42826,9515,38933,8200,70417,26828,48750,13586,44895,7653,85352,14856,
20024,10056,587,4828,482,4047,537,0,23,368,125,0,23,135,76,678,211,802,243,4434,478,563,230,4810,508,2825,407,1858,265,2773,533,785,342,1988,352,1772,372,258,106,824,310,504,293,177,118,23,22,1804,438,589,239,188,95,144,93,48,46,0,23,561,166,664,280,1327,334,221,209,7283,495,3988,568,3434,558,554,231,3295,441,2668,412,627,219,10056,587,48.0,4.3,40.2,4.4,0.0,0.5,3.7,1.3,0.0,0.5,1.3,0.8,6.7,2.0,8.0,2.3,44.1,4.5,5.6,2.3,47.8,3.9,28.1,3.6,18.5,2.6,2773,533,28.3,9.0,71.7,9.0,63.9,8.6,9.3,3.4,29.7,8.3,18.2,8.5,6.4,4.1,0.8,0.8,65.1,8.2,21.2,8.1,6.8,3.3,5.2,3.0,1.7,1.7,0.0,1.7,20.2,6.5,23.9,7.7,47.9,8.6,8.0,7.2,7283,495,54.8,6.0,47.2,6.0,7.6,3.2,45.2,6.0,36.6,5.3,8.6,3.1,102623,10637,141084,8917,56973,9133,-,**,112375,30810,-,**,181763,37484,113500,28582,143497,17034,134965,14289,91917,66434,121378,15731,134654,24624,61434,19116,157266,26053,-,**,166074,19601,214545,33194,"250,000+",***,23468,3267,23261,2281,23918,1259,-,**,166594,31585,143112,120906,213182,74478,-,**,-,**,-,**,21696,8074,-,**,226607,25803,144459,6299,94895,10291,83154,19588,81017,12088,138143,98058,100207,8492,91847,9922,174671,44845,
20032,17802,1283,1362,379,15303,1225,55,63,55,42,0,30,139,110,888,247,444,161,1289,374,296,141,7828,836,5913,779,3765,579,8150,610,4151,538,3999,495,3075,379,1536,333,4370,497,2226,364,705,255,389,196,3970,517,2172,385,1287,352,387,180,202,109,132,93,1305,282,3703,460,2735,395,407,153,9652,1308,4973,911,4767,928,206,104,4679,950,4471,951,208,114,17802,1283,7.7,2.0,86.0,2.5,0.3,0.4,0.3,0.2,0.0,0.3,0.8,0.6,5.0,1.4,2.5,0.9,7.2,2.0,1.7,0.8,44.0,3.5,33.2,3.4,21.1,3.0,8150,610,50.9,5.1,49.1,5.1,37.7,4.5,18.8,3.8,53.6,4.3,27.3,4.0,8.7,2.9,4.8,2.3,48.7,4.8,26.7,4.2,15.8,4.2,4.7,2.2,2.5,1.3,1.6,1.2,16.0,3.2,45.4,4.7,33.6,4.1,5.0,1.9,9652,1308,51.5,6.9,49.4,7.0,2.1,1.2,48.5,6.9,46.3,6.9,2.2,1.2,48146,5889,187872,17324,45100,4117,-,**,139861,67459,-,**,118966,41746,-,**,83696,52426,188180,9502,35341,18754,58077,7226,48974,10186,31127,8414,61865,5537,60607,5436,65174,15059,109827,19087,121577,15328,45938,7041,43449,3803,55705,14823,55750,14681,57917,7944,83688,26250,92713,33490,51514,20693,66909,26191,58944,12529,8368,2811,54375,8078,113365,14468,134177,28773,39189,4053,46710,7631,46287,7894,55917,25903,32296,9077,31728,7098,82800,26842,
20036,3789,512,2638,498,110,105,0,14,725,244,0,14,20,23,296,155,349,175,2492,505,346,121,2268,436,820,284,355,119,445,120,27,15,418,118,445,120,27,15,0,14,0,14,0,14,0,14,418,118,0,14,10,15,17,2,0,14,0,14,68,74,90,74,287,117,0,14,3344,496,1874,443,1694,433,180,108,1470,262,1351,270,119,74,3789,512,69.6,6.8,2.9,2.8,0.0,1.2,19.1,6.3,0.0,1.2,0.5,0.6,7.8,4.2,9.2,4.7,65.8,7.3,9.1,3.3,59.9,7.7,21.6,6.4,9.4,3.1,445,120,6.1,3.4,93.9,3.4,100.0,10.1,6.1,3.4,0.0,10.1,0.0,10.1,0.0,10.1,0.0,10.1,93.9,3.4,0.0,10.1,2.2,3.2,3.8,1.1,0.0,10.1,0.0,10.1,15.3,15.4,20.2,17.2,64.5,19.9,0.0,10.1,3344,496,56.0,7.6,50.7,8.0,5.4,3.2,44.0,7.6,40.4,7.5,3.6,2.3,105800,10516,121317,23181,86250,46877,-,**,101303,33708,-,**,-,**,97045,39878,106208,42743,120259,28009,85667,46688,108438,28688,113780,11402,89196,56980,235580,30435,-,**,234620,21959,235580,30693,-,**,-,**,-,**,-,**,-,**,234620,21966,-,**,-,**,-,**,-,**,-,**,164271,108040,233261,123328,"250,000+",***,-,**,100978,6207,101484,9374,101058,11332,170761,127641,96483,15959,92050,17573,237708,220518,
20037,7302,627,4989,450,604,207,21,34,799,221,9,17,114,68,766,348,1026,367,4546,475,1182,222,3498,526,1094,241,1528,232,1520,250,228,109,1292,241,1163,240,89,71,343,135,139,85,14,24,0,23,1370,232,80,51,70,67,0,23,0,23,0,23,187,113,647,178,686,201,0,23,5782,616,3155,430,2536,394,619,220,2627,457,2008,416,619,184,7302,627,68.3,4.5,8.3,2.8,0.3,0.5,10.9,2.9,0.1,0.2,1.6,0.9,10.5,4.3,14.1,4.5,62.3,5.2,16.2,3.0,47.9,4.5,15.0,3.2,20.9,3.1,1520,250,15.0,6.9,85.0,6.9,76.5,8.5,5.9,4.5,22.6,8.4,9.1,5.6,0.9,1.5,0.0,3.1,90.1,5.8,5.3,3.2,4.6,4.4,0.0,3.1,0.0,3.1,0.0,3.1,12.3,7.0,42.6,10.3,45.1,10.5,0.0,3.1,5782,616,54.6,5.6,43.9,5.6,10.7,3.6,45.4,5.6,34.7,5.3,10.7,3.2,98917,13066,98188,13311,69919,39499,-,**,119327,53056,-,**,146765,77731,134059,78220,92826,80506,99522,17375,28313,18293,119615,27061,159625,31092,99104,24796,185534,20218,176596,58419,186376,30263,205865,39089,176144,32688,102461,89336,177188,173195,-,**,-,**,186348,32711,"250,000+",***,175638,78276,-,**,-,**,-,**,229190,64395,163669,31144,206308,46314,-,**,82061,10153,80788,13980,80052,25807,108646,60484,93241,16374,79646,18136,145221,74208,
20045,0,14,0,14,0,14,0,14,0,14,0,14,0,14,0,14,0,14,0,14,0,14,0,14,0,14,0,14,0,14,0,14,0,14,0,14,0,14,0,14,0,14,0,14,0,14,0,14,0,14,0,14,0,14,0,14,0,14,0,14,0,14,0,14,0,14,0,14,0,14,0,14,0,14,0,14,0,14,0,14,0,14,-,**,-,**,-,**,-,**,-,**,-,**,-,**,-,**,-,**,-,**,-,**,-,**,-,**,0,14,-,**,-,**,-,**,-,**,-,**,-,**,-,**,-,**,-,**,-,**,-,**,-,**,-,**,-,**,-,**,-,**,-,**,-,**,0,14,-,**,-,**,-,**,-,**,-,**,-,**,-,**,-,**,-,**,-,**,-,**,-,**,-,**,-,**,-,**,-,**,-,**,-,**,-,**,-,**,-,**,-,**,-,**,-,**,-,**,-,**,-,**,-,**,-,**,-,**,-,**,-,**,-,**,-,**,-,**,-,**,-,**,-,**,-,**,-,**,-,**,-,**,-,**,-,**,-,**,-,**,
20052,7,12,7,12,0,14,0,14,0,14,0,14,0,14,0,14,0,14,7,12,7,12,0,14,0,14,0,14,0,14,0,14,0,14,0,14,0,14,0,14,0,14,0,14,0,14,0,14,0,14,0,14,0,14,0,14,0,14,0,14,0,14,0,14,0,14,7,12,7,12,0,14,7,12,0,14,0,14,0,14,7,12,100.0,100.0,0.0,100.0,0.0,100.0,0.0,100.0,0.0,100.0,0.0,100.0,0.0,100.0,0.0,100.0,100.0,100.0,100.0,100.0,0.0,100.0,0.0,100.0,0.0,100.0,0,14,-,**,-,**,-,**,-,**,-,**,-,**,-,**,-,**,-,**,-,**,-,**,-,**,-,**,-,**,-,**,-,**,-,**,-,**,7,12,100.0,100.0,0.0,100.0,100.0,100.0,0.0,100.0,0.0,100.0,0.0,100.0,-,**,-,**,-,**,-,**,-,**,-,**,-,**,-,**,-,**,-,**,-,**,-,**,-,**,-,**,-,**,-,**,-,**,-,**,-,**,-,**,-,**,-,**,-,**,-,**,-,**,-,**,-,**,-,**,-,**,-,**,-,**,-,**,-,**,-,**,-,**,-,**,-,**,-,**,-,**,-,**,
20057,0,14,0,14,0,14,0,14,0,14,0,14,0,14,0,14,0,14,0,14,0,14,0,14,0,14,0,14,0,14,0,14,0,14,0,14,0,14,0,14,0,14,0,14,0,14,0,14,0,14,0,14,0,14,0,14,0,14,0,14,0,14,0,14,0,14,0,14,0,14,0,14,0,14,0,14,0,14,0,14,0,14,-,**,-,**,-,**,-,**,-,**,-,**,-,**,-,**,-,**,-,**,-,**,-,**,-,**,0,14,-,**,-,**,-,**,-,**,-,**,-,**,-,**,-,**,-,**,-,**,-,**,-,**,-,**,-,**,-,**,-,**,-,**,-,**,0,14,-,**,-,**,-,**,-,**,-,**,-,**,-,**,-,**,-,**,-,**,-,**,-,**,-,**,-,**,-,**,-,**,-,**,-,**,-,**,-,**,-,**,-,**,-,**,-,**,-,**,-,**,-,**,-,**,-,**,-,**,-,**,-,**,-,**,-,**,-,**,-,**,-,**,-,**,-,**,-,**,-,**,-,**,-,**,-,**,-,**,-,**,
20059,0,14,0,14,0,14,0,14,0,14,0,14,0,14,0,14,0,14,0,14,0,14,0,14,0,14,0,14,0,14,0,14,0,14,0,14,0,14,0,14,0,14,0,14,0,14,0,14,0,14,0,14,0,14,0,14,0,14,0,14,0,14,0,14,0,14,0,14,0,14,0,14,0,14,0,14,0,14,0,14,0,14,-,**,-,**,-,**,-,**,-,**,-,**,-,**,-,**,-,**,-,**,-,**,-,**,-,**,0,14,-,**,-,**,-,**,-,**,-,**,-,**,-,**,-,**,-,**,-,**,-,**,-,**,-,**,-,**,-,**,-,**,-,**,-,**,0,14,-,**,-,**,-,**,-,**,-,**,-,**,-,**,-,**,-,**,-,**,-,**,-,**,-,**,-,**,-,**,-,**,-,**,-,**,-,**,-,**,-,**,-,**,-,**,-,**,-,**,-,**,-,**,-,**,-,**,-,**,-,**,-,**,-,**,-,**,-,**,-,**,-,**,-,**,-,**,-,**,-,**,-,**,-,**,-,**,-,**,-,**,
20064,0,14,0,14,0,14,0,14,0,14,0,14,0,14,0,14,0,14,0,14,0,14,0,14,0,14,0,14,0,14,0,14,0,14,0,14,0,14,0,14,0,14,0,14,0,14,0,14,0,14,0,14,0,14,0,14,0,14,0,14,0,14,0,14,0,14,0,14,0,14,0,14,0,14,0,14,0,14,0,14,0,14,-,**,-,**,-,**,-,**,-,**,-,**,-,**,-,**,-,**,-,**,-,**,-,**,-,**,0,14,-,**,-,**,-,**,-,**,-,**,-,**,-,**,-,**,-,**,-,**,-,**,-,**,-,**,-,**,-,**,-,**,-,**,-,**,0,14,-,**,-,**,-,**,-,**,-,**,-,**,-,**,-,**,-,**,-,**,-,**,-,**,-,**,-,**,-,**,-,**,-,**,-,**,-,**,-,**,-,**,-,**,-,**,-,**,-,**,-,**,-,**,-,**,-,**,-,**,-,**,-,**,-,**,-,**,-,**,-,**,-,**,-,**,-,**,-,**,-,**,-,**,-,**,-,**,-,**,-,**,
20204,0,14,0,14,0,14,0,14,0,14,0,14,0,14,0,14,0,14,0,14,0,14,0,14,0,14,0,14,0,14,0,14,0,14,0,14,0,14,0,14,0,14,0,14,0,14,0,14,0,14,0,14,0,14,0,14,0,14,0,14,0,14,0,14,0,14,0,14,0,14,0,14,0,14,0,14,0,14,0,14,0,14,-,**,-,**,-,**,-,**,-,**,-,**,-,**,-,**,-,**,-,**,-,**,-,**,-,**,0,14,-,**,-,**,-,**,-,**,-,**,-,**,-,**,-,**,-,**,-,**,-,**,-,**,-,**,-,**,-,**,-,**,-,**,-,**,0,14,-,**,-,**,-,**,-,**,-,**,-,**,-,**,-,**,-,**,-,**,-,**,-,**,-,**,-,**,-,**,-,**,-,**,-,**,-,**,-,**,-,**,-,**,-,**,-,**,-,**,-,**,-,**,-,**,-,**,-,**,-,**,-,**,-,**,-,**,-,**,-,**,-,**,-,**,-,**,-,**,-,**,-,**,-,**,-,**,-,**,-,**,
20220,0,14,0,14,0,14,0,14,0,14,0,14,0,14,0,14,0,14,0,14,0,14,0,14,0,14,0,14,0,14,0,14,0,14,0,14,0,14,0,14,0,14,0,14,0,14,0,14,0,14,0,14,0,14,0,14,0,14,0,14,0,14,0,14,0,14,0,14,0,14,0,14,0,14,0,14,0,14,0,14,0,14,-,**,-,**,-,**,-,**,-,**,-,**,-,**,-,**,-,**,-,**,-,**,-,**,-,**,0,14,-,**,-,**,-,**,-,**,-,**,-,**,-,**,-,**,-,**,-,**,-,**,-,**,-,**,-,**,-,**,-,**,-,**,-,**,0,14,-,**,-,**,-,**,-,**,-,**,-,**,-,**,-,**,-,**,-,**,-,**,-,**,-,**,-,**,-,**,-,**,-,**,-,**,-,**,-,**,-,**,-,**,-,**,-,**,-,**,-,**,-,**,-,**,-,**,-,**,-,**,-,**,-,**,-,**,-,**,-,**,-,**,-,**,-,**,-,**,-,**,-,**,-,**,-,**,-,**,-,**,
20230,0,14,0,14,0,14,0,14,0,14,0,14,0,14,0,14,0,14,0,14,0,14,0,14,0,14,0,14,0,14,0,14,0,14,0,14,0,14,0,14,0,14,0,14,0,14,0,14,0,14,0,14,0,14,0,14,0,14,0,14,0,14,0,14,0,14,0,14,0,14,0,14,0,14,0,14,0,14,0,14,0,14,-,**,-,**,-,**,-,**,-,**,-,**,-,**,-,**,-,**,-,**,-,**,-,**,-,**,0,14,-,**,-,**,-,**,-,**,-,**,-,**,-,**,-,**,-,**,-,**,-,**,-,**,-,**,-,**,-,**,-,**,-,**,-,**,0,14,-,**,-,**,-,**,-,**,-,**,-,**,-,**,-,**,-,**,-,**,-,**,-,**,-,**,-,**,-,**,-,**,-,**,-,**,-,**,-,**,-,**,-,**,-,**,-,**,-,**,-,**,-,**,-,**,-,**,-,**,-,**,-,**,-,**,-,**,-,**,-,**,-,**,-,**,-,**,-,**,-,**,-,**,-,**,-,**,-,**,-,**,
20240,0,14,0,14,0,14,0,14,0,14,0,14,0,14,0,14,0,14,0,14,0,14,0,14,0,14,0,14,0,14,0,14,0,14,0,14,0,14,0,14,0,14,0,14,0,14,0,14,0,14,0,14,0,14,0,14,0,14,0,14,0,14,0,14,0,14,0,14,0,14,0,14,0,14,0,14,0,14,0,14,0,14,-,**,-,**,-,**,-,**,-,**,-,**,-,**,-,**,-,**,-,**,-,**,-,**,-,**,0,14,-,**,-,**,-,**,-,**,-,**,-,**,-,**,-,**,-,**,-,**,-,**,-,**,-,**,-,**,-,**,-,**,-,**,-,**,0,14,-,**,-,**,-,**,-,**,-,**,-,**,-,**,-,**,-,**,-,**,-,**,-,**,-,**,-,**,-,**,-,**,-,**,-,**,-,**,-,**,-,**,-,**,-,**,-,**,-,**,-,**,-,**,-,**,-,**,-,**,-,**,-,**,-,**,-,**,-,**,-,**,-,**,-,**,-,**,-,**,-,**,-,**,-,**,-,**,-,**,-,**,
20245,0,14,0,14,0,14,0,14,0,14,0,14,0,14,0,14,0,14,0,14,0,14,0,14,0,14,0,14,0,14,0,14,0,14,0,14,0,14,0,14,0,14,0,14,0,14,0,14,0,14,0,14,0,14,0,14,0,14,0,14,0,14,0,14,0,14,0,14,0,14,0,14,0,14,0,14,0,14,0,14,0,14,-,**,-,**,-,**,-,**,-,**,-,**,-,**,-,**,-,**,-,**,-,**,-,**,-,**,0,14,-,**,-,**,-,**,-,**,-,**,-,**,-,**,-,**,-,**,-,**,-,**,-,**,-,**,-,**,-,**,-,**,-,**,-,**,0,14,-,**,-,**,-,**,-,**,-,**,-,**,-,**,-,**,-,**,-,**,-,**,-,**,-,**,-,**,-,**,-,**,-,**,-,**,-,**,-,**,-,**,-,**,-,**,-,**,-,**,-,**,-,**,-,**,-,**,-,**,-,**,-,**,-,**,-,**,-,**,-,**,-,**,-,**,-,**,-,**,-,**,-,**,-,**,-,**,-,**,-,**,
20250,0,14,0,14,0,14,0,14,0,14,0,14,0,14,0,14,0,14,0,14,0,14,0,14,0,14,0,14,0,14,0,14,0,14,0,14,0,14,0,14,0,14,0,14,0,14,0,14,0,14,0,14,0,14,0,14,0,14,0,14,0,14,0,14,0,14,0,14,0,14,0,14,0,14,0,14,0,14,0,14,0,14,-,**,-,**,-,**,-,**,-,**,-,**,-,**,-,**,-,**,-,**,-,**,-,**,-,**,0,14,-,**,-,**,-,**,-,**,-,**,-,**,-,**,-,**,-,**,-,**,-,**,-,**,-,**,-,**,-,**,-,**,-,**,-,**,0,14,-,**,-,**,-,**,-,**,-,**,-,**,-,**,-,**,-,**,-,**,-,**,-,**,-,**,-,**,-,**,-,**,-,**,-,**,-,**,-,**,-,**,-,**,-,**,-,**,-,**,-,**,-,**,-,**,-,**,-,**,-,**,-,**,-,**,-,**,-,**,-,**,-,**,-,**,-,**,-,**,-,**,-,**,-,**,-,**,-,**,-,**,
20260,0,14,0,14,0,14,0,14,0,14,0,14,0,14,0,14,0,14,0,14,0,14,0,14,0,14,0,14,0,14,0,14,0,14,0,14,0,14,0,14,0,14,0,14,0,14,0,14,0,14,0,14,0,14,0,14,0,14,0,14,0,14,0,14,0,14,0,14,0,14,0,14,0,14,0,14,0,14,0,14,0,14,-,**,-,**,-,**,-,**,-,**,-,**,-,**,-,**,-,**,-,**,-,**,-,**,-,**,0,14,-,**,-,**,-,**,-,**,-,**,-,**,-,**,-,**,-,**,-,**,-,**,-,**,-,**,-,**,-,**,-,**,-,**,-,**,0,14,-,**,-,**,-,**,-,**,-,**,-,**,-,**,-,**,-,**,-,**,-,**,-,**,-,**,-,**,-,**,-,**,-,**,-,**,-,**,-,**,-,**,-,**,-,**,-,**,-,**,-,**,-,**,-,**,-,**,-,**,-,**,-,**,-,**,-,**,-,**,-,**,-,**,-,**,-,**,-,**,-,**,-,**,-,**,-,**,-,**,-,**,
20317,0,14,0,14,0,14,0,14,0,14,0,14,0,14,0,14,0,14,0,14,0,14,0,14,0,14,0,14,0,14,0,14,0,14,0,14,0,14,0,14,0,14,0,14,0,14,0,14,0,14,0,14,0,14,0,14,0,14,0,14,0,14,0,14,0,14,0,14,0,14,0,14,0,14,0,14,0,14,0,14,0,14,-,**,-,**,-,**,-,**,-,**,-,**,-,**,-,**,-,**,-,**,-,**,-,**,-,**,0,14,-,**,-,**,-,**,-,**,-,**,-,**,-,**,-,**,-,**,-,**,-,**,-,**,-,**,-,**,-,**,-,**,-,**,-,**,0,14,-,**,-,**,-,**,-,**,-,**,-,**,-,**,-,**,-,**,-,**,-,**,-,**,-,**,-,**,-,**,-,**,-,**,-,**,-,**,-,**,-,**,-,**,-,**,-,**,-,**,-,**,-,**,-,**,-,**,-,**,-,**,-,**,-,**,-,**,-,**,-,**,-,**,-,**,-,**,-,**,-,**,-,**,-,**,-,**,-,**,-,**,
20319,0,14,0,14,0,14,0,14,0,14,0,14,0,14,0,14,0,14,0,14,0,14,0,14,0,14,0,14,0,14,0,14,0,14,0,14,0,14,0,14,0,14,0,14,0,14,0,14,0,14,0,14,0,14,0,14,0,14,0,14,0,14,0,14,0,14,0,14,0,14,0,14,0,14,0,14,0,14,0,14,0,14,-,**,-,**,-,**,-,**,-,**,-,**,-,**,-,**,-,**,-,**,-,**,-,**,-,**,0,14,-,**,-,**,-,**,-,**,-,**,-,**,-,**,-,**,-,**,-,**,-,**,-,**,-,**,-,**,-,**,-,**,-,**,-,**,0,14,-,**,-,**,-,**,-,**,-,**,-,**,-,**,-,**,-,**,-,**,-,**,-,**,-,**,-,**,-,**,-,**,-,**,-,**,-,**,-,**,-,**,-,**,-,**,-,**,-,**,-,**,-,**,-,**,-,**,-,**,-,**,-,**,-,**,-,**,-,**,-,**,-,**,-,**,-,**,-,**,-,**,-,**,-,**,-,**,-,**,-,**,
20373,34,55,0,14,34,55,0,14,0,14,0,14,0,14,0,14,0,14,0,14,0,14,0,14,34,55,0,14,34,55,34,55,0,14,34,55,34,55,0,14,0,14,0,14,0,14,0,14,0,14,34,55,0,14,0,14,0,14,0,14,34,55,0,14,0,14,0,14,0,14,0,14,0,14,0,14,0,14,0,14,34,55,0.0,61.5,100.0,61.5,0.0,61.5,0.0,61.5,0.0,61.5,0.0,61.5,0.0,61.5,0.0,61.5,0.0,61.5,0.0,61.5,0.0,61.5,100.0,61.5,0.0,61.5,34,55,100.0,61.5,0.0,61.5,100.0,61.5,100.0,61.5,0.0,61.5,0.0,61.5,0.0,61.5,0.0,61.5,0.0,61.5,0.0,61.5,100.0,61.5,0.0,61.5,0.0,61.5,0.0,61.5,0.0,61.5,100.0,61.5,0.0,61.5,0.0,61.5,0,14,-,**,-,**,-,**,-,**,-,**,-,**,-,**,-,**,-,**,-,**,-,**,-,**,-,**,-,**,-,**,-,**,-,**,-,**,-,**,-,**,-,**,-,**,-,**,-,**,-,**,-,**,-,**,-,**,-,**,-,**,-,**,-,**,-,**,-,**,-,**,-,**,-,**,-,**,-,**,-,**,-,**,-,**,-,**,-,**,-,**,-,**,
20388,0,14,0,14,0,14,0,14,0,14,0,14,0,14,0,14,0,14,0,14,0,14,0,14,0,14,0,14,0,14,0,14,0,14,0,14,0,14,0,14,0,14,0,14,0,14,0,14,0,14,0,14,0,14,0,14,0,14,0,14,0,14,0,14,0,14,0,14,0,14,0,14,0,14,0,14,0,14,0,14,0,14,-,**,-,**,-,**,-,**,-,**,-,**,-,**,-,**,-,**,-,**,-,**,-,**,-,**,0,14,-,**,-,**,-,**,-,**,-,**,-,**,-,**,-,**,-,**,-,**,-,**,-,**,-,**,-,**,-,**,-,**,-,**,-,**,0,14,-,**,-,**,-,**,-,**,-,**,-,**,-,**,-,**,-,**,-,**,-,**,-,**,-,**,-,**,-,**,-,**,-,**,-,**,-,**,-,**,-,**,-,**,-,**,-,**,-,**,-,**,-,**,-,**,-,**,-,**,-,**,-,**,-,**,-,**,-,**,-,**,-,**,-,**,-,**,-,**,-,**,-,**,-,**,-,**,-,**,-,**,
20390,0,14,0,14,0,14,0,14,0,14,0,14,0,14,0,14,0,14,0,14,0,14,0,14,0,14,0,14,0,14,0,14,0,14,0,14,0,14,0,14,0,14,0,14,0,14,0,14,0,14,0,14,0,14,0,14,0,14,0,14,0,14,0,14,0,14,0,14,0,14,0,14,0,14,0,14,0,14,0,14,0,14,-,**,-,**,-,**,-,**,-,**,-,**,-,**,-,**,-,**,-,**,-,**,-,**,-,**,0,14,-,**,-,**,-,**,-,**,-,**,-,**,-,**,-,**,-,**,-,**,-,**,-,**,-,**,-,**,-,**,-,**,-,**,-,**,0,14,-,**,-,**,-,**,-,**,-,**,-,**,-,**,-,**,-,**,-,**,-,**,-,**,-,**,-,**,-,**,-,**,-,**,-,**,-,**,-,**,-,**,-,**,-,**,-,**,-,**,-,**,-,**,-,**,-,**,-,**,-,**,-,**,-,**,-,**,-,**,-,**,-,**,-,**,-,**,-,**,-,**,-,**,-,**,-,**,-,**,-,**,
20408,0,14,0,14,0,14,0,14,0,14,0,14,0,14,0,14,0,14,0,14,0,14,0,14,0,14,0,14,0,14,0,14,0,14,0,14,0,14,0,14,0,14,0,14,0,14,0,14,0,14,0,14,0,14,0,14,0,14,0,14,0,14,0,14,0,14,0,14,0,14,0,14,0,14,0,14,0,14,0,14,0,14,-,**,-,**,-,**,-,**,-,**,-,**,-,**,-,**,-,**,-,**,-,**,-,**,-,**,0,14,-,**,-,**,-,**,-,**,-,**,-,**,-,**,-,**,-,**,-,**,-,**,-,**,-,**,-,**,-,**,-,**,-,**,-,**,0,14,-,**,-,**,-,**,-,**,-,**,-,**,-,**,-,**,-,**,-,**,-,**,-,**,-,**,-,**,-,**,-,**,-,**,-,**,-,**,-,**,-,**,-,**,-,**,-,**,-,**,-,**,-,**,-,**,-,**,-,**,-,**,-,**,-,**,-,**,-,**,-,**,-,**,-,**,-,**,-,**,-,**,-,**,-,**,-,**,-,**,-,**,
20415,0,14,0,14,0,14,0,14,0,14,0,14,0,14,0,14,0,14,0,14,0,14,0,14,0,14,0,14,0,14,0,14,0,14,0,14,0,14,0,14,0,14,0,14,0,14,0,14,0,14,0,14,0,14,0,14,0,14,0,14,0,14,0,14,0,14,0,14,0,14,0,14,0,14,0,14,0,14,0,14,0,14,-,**,-,**,-,**,-,**,-,**,-,**,-,**,-,**,-,**,-,**,-,**,-,**,-,**,0,14,-,**,-,**,-,**,-,**,-,**,-,**,-,**,-,**,-,**,-,**,-,**,-,**,-,**,-,**,-,**,-,**,-,**,-,**,0,14,-,**,-,**,-,**,-,**,-,**,-,**,-,**,-,**,-,**,-,**,-,**,-,**,-,**,-,**,-,**,-,**,-,**,-,**,-,**,-,**,-,**,-,**,-,**,-,**,-,**,-,**,-,**,-,**,-,**,-,**,-,**,-,**,-,**,-,**,-,**,-,**,-,**,-,**,-,**,-,**,-,**,-,**,-,**,-,**,-,**,-,**,
20418,0,14,0,14,0,14,0,14,0,14,0,14,0,14,0,14,0,14,0,14,0,14,0,14,0,14,0,14,0,14,0,14,0,14,0,14,0,14,0,14,0,14,0,14,0,14,0,14,0,14,0,14,0,14,0,14,0,14,0,14,0,14,0,14,0,14,0,14,0,14,0,14,0,14,0,14,0,14,0,14,0,14,-,**,-,**,-,**,-,**,-,**,-,**,-,**,-,**,-,**,-,**,-,**,-,**,-,**,0,14,-,**,-,**,-,**,-,**,-,**,-,**,-,**,-,**,-,**,-,**,-,**,-,**,-,**,-,**,-,**,-,**,-,**,-,**,0,14,-,**,-,**,-,**,-,**,-,**,-,**,-,**,-,**,-,**,-,**,-,**,-,**,-,**,-,**,-,**,-,**,-,**,-,**,-,**,-,**,-,**,-,**,-,**,-,**,-,**,-,**,-,**,-,**,-,**,-,**,-,**,-,**,-,**,-,**,-,**,-,**,-,**,-,**,-,**,-,**,-,**,-,**,-,**,-,**,-,**,-,**,
20422,0,14,0,14,0,14,0,14,0,14,0,14,0,14,0,14,0,14,0,14,0,14,0,14,0,14,0,14,0,14,0,14,0,14,0,14,0,14,0,14,0,14,0,14,0,14,0,14,0,14,0,14,0,14,0,14,0,14,0,14,0,14,0,14,0,14,0,14,0,14,0,14,0,14,0,14,0,14,0,14,0,14,-,**,-,**,-,**,-,**,-,**,-,**,-,**,-,**,-,**,-,**,-,**,-,**,-,**,0,14,-,**,-,**,-,**,-,**,-,**,-,**,-,**,-,**,-,**,-,**,-,**,-,**,-,**,-,**,-,**,-,**,-,**,-,**,0,14,-,**,-,**,-,**,-,**,-,**,-,**,-,**,-,**,-,**,-,**,-,**,-,**,-,**,-,**,-,**,-,**,-,**,-,**,-,**,-,**,-,**,-,**,-,**,-,**,-,**,-,**,-,**,-,**,-,**,-,**,-,**,-,**,-,**,-,**,-,**,-,**,-,**,-,**,-,**,-,**,-,**,-,**,-,**,-,**,-,**,-,**,
20427,0,14,0,14,0,14,0,14,0,14,0,14,0,14,0,14,0,14,0,14,0,14,0,14,0,14,0,14,0,14,0,14,0,14,0,14,0,14,0,14,0,14,0,14,0,14,0,14,0,14,0,14,0,14,0,14,0,14,0,14,0,14,0,14,0,14,0,14,0,14,0,14,0,14,0,14,0,14,0,14,0,14,-,**,-,**,-,**,-,**,-,**,-,**,-,**,-,**,-,**,-,**,-,**,-,**,-,**,0,14,-,**,-,**,-,**,-,**,-,**,-,**,-,**,-,**,-,**,-,**,-,**,-,**,-,**,-,**,-,**,-,**,-,**,-,**,0,14,-,**,-,**,-,**,-,**,-,**,-,**,-,**,-,**,-,**,-,**,-,**,-,**,-,**,-,**,-,**,-,**,-,**,-,**,-,**,-,**,-,**,-,**,-,**,-,**,-,**,-,**,-,**,-,**,-,**,-,**,-,**,-,**,-,**,-,**,-,**,-,**,-,**,-,**,-,**,-,**,-,**,-,**,-,**,-,**,-,**,-,**,
20431,0,14,0,14,0,14,0,14,0,14,0,14,0,14,0,14,0,14,0,14,0,14,0,14,0,14,0,14,0,14,0,14,0,14,0,14,0,14,0,14,0,14,0,14,0,14,0,14,0,14,0,14,0,14,0,14,0,14,0,14,0,14,0,14,0,14,0,14,0,14,0,14,0,14,0,14,0,14,0,14,0,14,-,**,-,**,-,**,-,**,-,**,-,**,-,**,-,**,-,**,-,**,-,**,-,**,-,**,0,14,-,**,-,**,-,**,-,**,-,**,-,**,-,**,-,**,-,**,-,**,-,**,-,**,-,**,-,**,-,**,-,**,-,**,-,**,0,14,-,**,-,**,-,**,-,**,-,**,-,**,-,**,-,**,-,**,-,**,-,**,-,**,-,**,-,**,-,**,-,**,-,**,-,**,-,**,-,**,-,**,-,**,-,**,-,**,-,**,-,**,-,**,-,**,-,**,-,**,-,**,-,**,-,**,-,**,-,**,-,**,-,**,-,**,-,**,-,**,-,**,-,**,-,**,-,**,-,**,-,**,
20510,0,14,0,14,0,14,0,14,0,14,0,14,0,14,0,14,0,14,0,14,0,14,0,14,0,14,0,14,0,14,0,14,0,14,0,14,0,14,0,14,0,14,0,14,0,14,0,14,0,14,0,14,0,14,0,14,0,14,0,14,0,14,0,14,0,14,0,14,0,14,0,14,0,14,0,14,0,14,0,14,0,14,-,**,-,**,-,**,-,**,-,**,-,**,-,**,-,**,-,**,-,**,-,**,-,**,-,**,0,14,-,**,-,**,-,**,-,**,-,**,-,**,-,**,-,**,-,**,-,**,-,**,-,**,-,**,-,**,-,**,-,**,-,**,-,**,0,14,-,**,-,**,-,**,-,**,-,**,-,**,-,**,-,**,-,**,-,**,-,**,-,**,-,**,-,**,-,**,-,**,-,**,-,**,-,**,-,**,-,**,-,**,-,**,-,**,-,**,-,**,-,**,-,**,-,**,-,**,-,**,-,**,-,**,-,**,-,**,-,**,-,**,-,**,-,**,-,**,-,**,-,**,-,**,-,**,-,**,-,**,
20515,0,14,0,14,0,14,0,14,0,14,0,14,0,14,0,14,0,14,0,14,0,14,0,14,0,14,0,14,0,14,0,14,0,14,0,14,0,14,0,14,0,14,0,14,0,14,0,14,0,14,0,14,0,14,0,14,0,14,0,14,0,14,0,14,0,14,0,14,0,14,0,14,0,14,0,14,0,14,0,14,0,14,-,**,-,**,-,**,-,**,-,**,-,**,-,**,-,**,-,**,-,**,-,**,-,**,-,**,0,14,-,**,-,**,-,**,-,**,-,**,-,**,-,**,-,**,-,**,-,**,-,**,-,**,-,**,-,**,-,**,-,**,-,**,-,**,0,14,-,**,-,**,-,**,-,**,-,**,-,**,-,**,-,**,-,**,-,**,-,**,-,**,-,**,-,**,-,**,-,**,-,**,-,**,-,**,-,**,-,**,-,**,-,**,-,**,-,**,-,**,-,**,-,**,-,**,-,**,-,**,-,**,-,**,-,**,-,**,-,**,-,**,-,**,-,**,-,**,-,**,-,**,-,**,-,**,-,**,-,**,
20520,0,14,0,14,0,14,0,14,0,14,0,14,0,14,0,14,0,14,0,14,0,14,0,14,0,14,0,14,0,14,0,14,0,14,0,14,0,14,0,14,0,14,0,14,0,14,0,14,0,14,0,14,0,14,0,14,0,14,0,14,0,14,0,14,0,14,0,14,0,14,0,14,0,14,0,14,0,14,0,14,0,14,-,**,-,**,-,**,-,**,-,**,-,**,-,**,-,**,-,**,-,**,-,**,-,**,-,**,0,14,-,**,-,**,-,**,-,**,-,**,-,**,-,**,-,**,-,**,-,**,-,**,-,**,-,**,-,**,-,**,-,**,-,**,-,**,0,14,-,**,-,**,-,**,-,**,-,**,-,**,-,**,-,**,-,**,-,**,-,**,-,**,-,**,-,**,-,**,-,**,-,**,-,**,-,**,-,**,-,**,-,**,-,**,-,**,-,**,-,**,-,**,-,**,-,**,-,**,-,**,-,**,-,**,-,**,-,**,-,**,-,**,-,**,-,**,-,**,-,**,-,**,-,**,-,**,-,**,-,**,
20530,0,14,0,14,0,14,0,14,0,14,0,14,0,14,0,14,0,14,0,14,0,14,0,14,0,14,0,14,0,14,0,14,0,14,0,14,0,14,0,14,0,14,0,14,0,14,0,14,0,14,0,14,0,14,0,14,0,14,0,14,0,14,0,14,0,14,0,14,0,14,0,14,0,14,0,14,0,14,0,14,0,14,-,**,-,**,-,**,-,**,-,**,-,**,-,**,-,**,-,**,-,**,-,**,-,**,-,**,0,14,-,**,-,**,-,**,-,**,-,**,-,**,-,**,-,**,-,**,-,**,-,**,-,**,-,**,-,**,-,**,-,**,-,**,-,**,0,14,-,**,-,**,-,**,-,**,-,**,-,**,-,**,-,**,-,**,-,**,-,**,-,**,-,**,-,**,-,**,-,**,-,**,-,**,-,**,-,**,-,**,-,**,-,**,-,**,-,**,-,**,-,**,-,**,-,**,-,**,-,**,-,**,-,**,-,**,-,**,-,**,-,**,-,**,-,**,-,**,-,**,-,**,-,**,-,**,-,**,-,**,
20535,0,14,0,14,0,14,0,14,0,14,0,14,0,14,0,14,0,14,0,14,0,14,0,14,0,14,0,14,0,14,0,14,0,14,0,14,0,14,0,14,0,14,0,14,0,14,0,14,0,14,0,14,0,14,0,14,0,14,0,14,0,14,0,14,0,14,0,14,0,14,0,14,0,14,0,14,0,14,0,14,0,14,-,**,-,**,-,**,-,**,-,**,-,**,-,**,-,**,-,**,-,**,-,**,-,**,-,**,0,14,-,**,-,**,-,**,-,**,-,**,-,**,-,**,-,**,-,**,-,**,-,**,-,**,-,**,-,**,-,**,-,**,-,**,-,**,0,14,-,**,-,**,-,**,-,**,-,**,-,**,-,**,-,**,-,**,-,**,-,**,-,**,-,**,-,**,-,**,-,**,-,**,-,**,-,**,-,**,-,**,-,**,-,**,-,**,-,**,-,**,-,**,-,**,-,**,-,**,-,**,-,**,-,**,-,**,-,**,-,**,-,**,-,**,-,**,-,**,-,**,-,**,-,**,-,**,-,**,-,**,
20540,0,14,0,14,0,14,0,14,0,14,0,14,0,14,0,14,0,14,0,14,0,14,0,14,0,14,0,14,0,14,0,14,0,14,0,14,0,14,0,14,0,14,0,14,0,14,0,14,0,14,0,14,0,14,0,14,0,14,0,14,0,14,0,14,0,14,0,14,0,14,0,14,0,14,0,14,0,14,0,14,0,14,-,**,-,**,-,**,-,**,-,**,-,**,-,**,-,**,-,**,-,**,-,**,-,**,-,**,0,14,-,**,-,**,-,**,-,**,-,**,-,**,-,**,-,**,-,**,-,**,-,**,-,**,-,**,-,**,-,**,-,**,-,**,-,**,0,14,-,**,-,**,-,**,-,**,-,**,-,**,-,**,-,**,-,**,-,**,-,**,-,**,-,**,-,**,-,**,-,**,-,**,-,**,-,**,-,**,-,**,-,**,-,**,-,**,-,**,-,**,-,**,-,**,-,**,-,**,-,**,-,**,-,**,-,**,-,**,-,**,-,**,-,**,-,**,-,**,-,**,-,**,-,**,-,**,-,**,-,**,
20542,0,14,0,14,0,14,0,14,0,14,0,14,0,14,0,14,0,14,0,14,0,14,0,14,0,14,0,14,0,14,0,14,0,14,0,14,0,14,0,14,0,14,0,14,0,14,0,14,0,14,0,14,0,14,0,14,0,14,0,14,0,14,0,14,0,14,0,14,0,14,0,14,0,14,0,14,0,14,0,14,0,14,-,**,-,**,-,**,-,**,-,**,-,**,-,**,-,**,-,**,-,**,-,**,-,**,-,**,0,14,-,**,-,**,-,**,-,**,-,**,-,**,-,**,-,**,-,**,-,**,-,**,-,**,-,**,-,**,-,**,-,**,-,**,-,**,0,14,-,**,-,**,-,**,-,**,-,**,-,**,-,**,-,**,-,**,-,**,-,**,-,**,-,**,-,**,-,**,-,**,-,**,-,**,-,**,-,**,-,**,-,**,-,**,-,**,-,**,-,**,-,**,-,**,-,**,-,**,-,**,-,**,-,**,-,**,-,**,-,**,-,**,-,**,-,**,-,**,-,**,-,**,-,**,-,**,-,**,-,**,
20551,0,14,0,14,0,14,0,14,0,14,0,14,0,14,0,14,0,14,0,14,0,14,0,14,0,14,0,14,0,14,0,14,0,14,0,14,0,14,0,14,0,14,0,14,0,14,0,14,0,14,0,14,0,14,0,14,0,14,0,14,0,14,0,14,0,14,0,14,0,14,0,14,0,14,0,14,0,14,0,14,0,14,-,**,-,**,-,**,-,**,-,**,-,**,-,**,-,**,-,**,-,**,-,**,-,**,-,**,0,14,-,**,-,**,-,**,-,**,-,**,-,**,-,**,-,**,-,**,-,**,-,**,-,**,-,**,-,**,-,**,-,**,-,**,-,**,0,14,-,**,-,**,-,**,-,**,-,**,-,**,-,**,-,**,-,**,-,**,-,**,-,**,-,**,-,**,-,**,-,**,-,**,-,**,-,**,-,**,-,**,-,**,-,**,-,**,-,**,-,**,-,**,-,**,-,**,-,**,-,**,-,**,-,**,-,**,-,**,-,**,-,**,-,**,-,**,-,**,-,**,-,**,-,**,-,**,-,**,-,**,
20560,0,14,0,14,0,14,0,14,0,14,0,14,0,14,0,14,0,14,0,14,0,14,0,14,0,14,0,14,0,14,0,14,0,14,0,14,0,14,0,14,0,14,0,14,0,14,0,14,0,14,0,14,0,14,0,14,0,14,0,14,0,14,0,14,0,14,0,14,0,14,0,14,0,14,0,14,0,14,0,14,0,14,-,**,-,**,-,**,-,**,-,**,-,**,-,**,-,**,-,**,-,**,-,**,-,**,-,**,0,14,-,**,-,**,-,**,-,**,-,**,-,**,-,**,-,**,-,**,-,**,-,**,-,**,-,**,-,**,-,**,-,**,-,**,-,**,0,14,-,**,-,**,-,**,-,**,-,**,-,**,-,**,-,**,-,**,-,**,-,**,-,**,-,**,-,**,-,**,-,**,-,**,-,**,-,**,-,**,-,**,-,**,-,**,-,**,-,**,-,**,-,**,-,**,-,**,-,**,-,**,-,**,-,**,-,**,-,**,-,**,-,**,-,**,-,**,-,**,-,**,-,**,-,**,-,**,-,**,-,**,
20565,0,14,0,14,0,14,0,14,0,14,0,14,0,14,0,14,0,14,0,14,0,14,0,14,0,14,0,14,0,14,0,14,0,14,0,14,0,14,0,14,0,14,0,14,0,14,0,14,0,14,0,14,0,14,0,14,0,14,0,14,0,14,0,14,0,14,0,14,0,14,0,14,0,14,0,14,0,14,0,14,0,14,-,**,-,**,-,**,-,**,-,**,-,**,-,**,-,**,-,**,-,**,-,**,-,**,-,**,0,14,-,**,-,**,-,**,-,**,-,**,-,**,-,**,-,**,-,**,-,**,-,**,-,**,-,**,-,**,-,**,-,**,-,**,-,**,0,14,-,**,-,**,-,**,-,**,-,**,-,**,-,**,-,**,-,**,-,**,-,**,-,**,-,**,-,**,-,**,-,**,-,**,-,**,-,**,-,**,-,**,-,**,-,**,-,**,-,**,-,**,-,**,-,**,-,**,-,**,-,**,-,**,-,**,-,**,-,**,-,**,-,**,-,**,-,**,-,**,-,**,-,**,-,**,-,**,-,**,-,**,
20566,0,14,0,14,0,14,0,14,0,14,0,14,0,14,0,14,0,14,0,14,0,14,0,14,0,14,0,14,0,14,0,14,0,14,0,14,0,14,0,14,0,14,0,14,0,14,0,14,0,14,0,14,0,14,0,14,0,14,0,14,0,14,0,14,0,14,0,14,0,14,0,14,0,14,0,14,0,14,0,14,0,14,-,**,-,**,-,**,-,**,-,**,-,**,-,**,-,**,-,**,-,**,-,**,-,**,-,**,0,14,-,**,-,**,-,**,-,**,-,**,-,**,-,**,-,**,-,**,-,**,-,**,-,**,-,**,-,**,-,**,-,**,-,**,-,**,0,14,-,**,-,**,-,**,-,**,-,**,-,**,-,**,-,**,-,**,-,**,-,**,-,**,-,**,-,**,-,**,-,**,-,**,-,**,-,**,-,**,-,**,-,**,-,**,-,**,-,**,-,**,-,**,-,**,-,**,-,**,-,**,-,**,-,**,-,**,-,**,-,**,-,**,-,**,-,**,-,**,-,**,-,**,-,**,-,**,-,**,-,**,
20591,0,14,0,14,0,14,0,14,0,14,0,14,0,14,0,14,0,14,0,14,0,14,0,14,0,14,0,14,0,14,0,14,0,14,0,14,0,14,0,14,0,14,0,14,0,14,0,14,0,14,0,14,0,14,0,14,0,14,0,14,0,14,0,14,0,14,0,14,0,14,0,14,0,14,0,14,0,14,0,14,0,14,-,**,-,**,-,**,-,**,-,**,-,**,-,**,-,**,-,**,-,**,-,**,-,**,-,**,0,14,-,**,-,**,-,**,-,**,-,**,-,**,-,**,-,**,-,**,-,**,-,**,-,**,-,**,-,**,-,**,-,**,-,**,-,**,0,14,-,**,-,**,-,**,-,**,-,**,-,**,-,**,-,**,-,**,-,**,-,**,-,**,-,**,-,**,-,**,-,**,-,**,-,**,-,**,-,**,-,**,-,**,-,**,-,**,-,**,-,**,-,**,-,**,-,**,-,**,-,**,-,**,-,**,-,**,-,**,-,**,-,**,-,**,-,**,-,**,-,**,-,**,-,**,-,**,-,**,-,**,
